r1,r2,support,body,confidence,example_1,example_2,example_3
girlSecondCousinOf,boySecondCousinOf,40,62,0.6451612903225806,lena18-[girlSecondCousinOf]->fabian26 => fabian26-[boySecondCousinOf]->lena18,lena18-[girlSecondCousinOf]->elias6 => elias6-[boySecondCousinOf]->lena18,lena18-[girlSecondCousinOf]->nico4 => nico4-[boySecondCousinOf]->lena18
boySecondCousinOf,girlSecondCousinOf,40,68,0.5882352941176471,fabian26-[boySecondCousinOf]->lisa5 => lisa5-[girlSecondCousinOf]->fabian26,fabian26-[boySecondCousinOf]->lena18 => lena18-[girlSecondCousinOf]->fabian26,nico4-[boySecondCousinOf]->lena18 => lena18-[girlSecondCousinOf]->nico4
nephewOf,auntOf,298,514,0.5797665369649806,leon16-[nephewOf]->katharina1 => katharina1-[auntOf]->leon16,leon16-[nephewOf]->paula12 => paula12-[auntOf]->leon16,leon16-[nephewOf]->natalie13 => natalie13-[auntOf]->leon16
secondAuntOf,boyFirstCousinOnceRemovedOf,98,175,0.56,olivia0-[secondAuntOf]->fabian26 => fabian26-[boyFirstCousinOnceRemovedOf]->olivia0,selina10-[secondAuntOf]->fabian26 => fabian26-[boyFirstCousinOnceRemovedOf]->selina10,isabella11-[secondAuntOf]->fabian26 => fabian26-[boyFirstCousinOnceRemovedOf]->isabella11
boyFirstCousinOnceRemovedOf,secondAuntOf,98,180,0.5444444444444444,fabian26-[boyFirstCousinOnceRemovedOf]->olivia0 => olivia0-[secondAuntOf]->fabian26,fabian26-[boyFirstCousinOnceRemovedOf]->isabella11 => isabella11-[secondAuntOf]->fabian26,fabian26-[boyFirstCousinOnceRemovedOf]->selina10 => selina10-[secondAuntOf]->fabian26
brotherOf,sisterOf,308,570,0.5403508771929825,luis14-[brotherOf]->katharina1 => katharina1-[sisterOf]->luis14,luis14-[brotherOf]->paula12 => paula12-[sisterOf]->luis14,luis14-[brotherOf]->natalie13 => natalie13-[sisterOf]->luis14
auntOf,nephewOf,298,556,0.5359712230215827,katharina1-[auntOf]->leon16 => leon16-[nephewOf]->katharina1,katharina1-[auntOf]->jonas23 => jonas23-[nephewOf]->katharina1,selina10-[auntOf]->elias6 => elias6-[nephewOf]->selina10
boyCousinOf,girlCousinOf,209,391,0.5345268542199488,leon16-[boyCousinOf]->johanna22 => johanna22-[girlCousinOf]->leon16,leon16-[boyCousinOf]->olivia0 => olivia0-[girlCousinOf]->leon16,leon16-[boyCousinOf]->isabella11 => isabella11-[girlCousinOf]->leon16
girlCousinOf,girlCousinOf,236,445,0.5303370786516854,olivia0-[girlCousinOf]->johanna22 => johanna22-[girlCousinOf]->olivia0,selina10-[girlCousinOf]->johanna22 => johanna22-[girlCousinOf]->selina10,isabella11-[girlCousinOf]->johanna22 => johanna22-[girlCousinOf]->isabella11
uncleOf,nieceOf,238,454,0.5242290748898678,luis14-[uncleOf]->johanna22 => johanna22-[nieceOf]->luis14,luis14-[uncleOf]->olivia0 => olivia0-[nieceOf]->luis14,luis14-[uncleOf]->isabella11 => isabella11-[nieceOf]->luis14
nieceOf,auntOf,258,496,0.5201612903225806,olivia0-[nieceOf]->paula12 => paula12-[auntOf]->olivia0,olivia0-[nieceOf]->natalie13 => natalie13-[auntOf]->olivia0,selina10-[nieceOf]->paula12 => paula12-[auntOf]->selina10
secondUncleOf,boyFirstCousinOnceRemovedOf,82,158,0.5189873417721519,leon16-[secondUncleOf]->fabian26 => fabian26-[boyFirstCousinOnceRemovedOf]->leon16,leon16-[secondUncleOf]->elias6 => elias6-[boyFirstCousinOnceRemovedOf]->leon16,leon16-[secondUncleOf]->nico4 => nico4-[boyFirstCousinOnceRemovedOf]->leon16
sisterOf,sisterOf,328,636,0.5157232704402516,olivia0-[sisterOf]->isabella11 => isabella11-[sisterOf]->olivia0,olivia0-[sisterOf]->selina10 => selina10-[sisterOf]->olivia0,katharina1-[sisterOf]->paula12 => paula12-[sisterOf]->katharina1
greatGrandfatherOf,greatGrandsonOf,312,617,0.5056726094003241,david20-[greatGrandfatherOf]->elias6 => elias6-[greatGrandsonOf]->david20,david20-[greatGrandfatherOf]->nico4 => nico4-[greatGrandsonOf]->david20,moritz8-[greatGrandfatherOf]->fabian26 => fabian26-[greatGrandsonOf]->moritz8
greatGrandmotherOf,greatGrandsonOf,312,617,0.5056726094003241,ella19-[greatGrandmotherOf]->elias6 => elias6-[greatGrandsonOf]->ella19,ella19-[greatGrandmotherOf]->nico4 => nico4-[greatGrandsonOf]->ella19,emma7-[greatGrandmotherOf]->fabian26 => fabian26-[greatGrandsonOf]->emma7
girlFirstCousinOnceRemovedOf,secondAuntOf,77,153,0.5032679738562091,lena18-[girlFirstCousinOnceRemovedOf]->johanna22 => johanna22-[secondAuntOf]->lena18,lena18-[girlFirstCousinOnceRemovedOf]->olivia0 => olivia0-[secondAuntOf]->lena18,lena18-[girlFirstCousinOnceRemovedOf]->isabella11 => isabella11-[secondAuntOf]->lena18
daughterOf,fatherOf,316,628,0.5031847133757962,selina10-[daughterOf]->dominik2 => dominik2-[fatherOf]->selina10,isabella11-[daughterOf]->dominik2 => dominik2-[fatherOf]->isabella11,paula12-[daughterOf]->moritz8 => moritz8-[fatherOf]->paula12
grandfatherOf,grandsonOf,407,813,0.5006150061500615,dominik2-[grandfatherOf]->elias6 => elias6-[grandsonOf]->dominik2,dominik2-[grandfatherOf]->nico4 => nico4-[grandsonOf]->dominik2,david20-[grandfatherOf]->adam9 => adam9-[grandsonOf]->david20
grandmotherOf,grandsonOf,407,813,0.5006150061500615,katharina1-[grandmotherOf]->elias6 => elias6-[grandsonOf]->katharina1,katharina1-[grandmotherOf]->nico4 => nico4-[grandsonOf]->katharina1,paula12-[grandmotherOf]->fabian26 => fabian26-[grandsonOf]->paula12
grandsonOf,grandfatherOf,407,814,0.5,leon16-[grandsonOf]->moritz8 => moritz8-[grandfatherOf]->leon16,jonas23-[grandsonOf]->moritz8 => moritz8-[grandfatherOf]->jonas23,oskar24-[grandsonOf]->david20 => david20-[grandfatherOf]->oskar24
grandsonOf,grandmotherOf,407,814,0.5,leon16-[grandsonOf]->emma7 => emma7-[grandmotherOf]->leon16,jonas23-[grandsonOf]->emma7 => emma7-[grandmotherOf]->jonas23,oskar24-[grandsonOf]->emma7 => emma7-[grandmotherOf]->oskar24
granddaughterOf,grandfatherOf,406,812,0.5,olivia0-[granddaughterOf]->david20 => david20-[grandfatherOf]->olivia0,olivia0-[granddaughterOf]->moritz8 => moritz8-[grandfatherOf]->olivia0,selina10-[granddaughterOf]->david20 => david20-[grandfatherOf]->selina10
granddaughterOf,grandmotherOf,406,812,0.5,olivia0-[granddaughterOf]->emma7 => emma7-[grandmotherOf]->olivia0,olivia0-[granddaughterOf]->ella19 => ella19-[grandmotherOf]->olivia0,selina10-[granddaughterOf]->emma7 => emma7-[grandmotherOf]->selina10
greatGrandsonOf,greatGrandfatherOf,312,624,0.5,fabian26-[greatGrandsonOf]->moritz8 => moritz8-[greatGrandfatherOf]->fabian26,nico4-[greatGrandsonOf]->david20 => david20-[greatGrandfatherOf]->nico4,nico4-[greatGrandsonOf]->moritz8 => moritz8-[greatGrandfatherOf]->nico4
greatGrandsonOf,greatGrandmotherOf,312,624,0.5,fabian26-[greatGrandsonOf]->emma7 => emma7-[greatGrandmotherOf]->fabian26,nico4-[greatGrandsonOf]->emma7 => emma7-[greatGrandmotherOf]->nico4,nico4-[greatGrandsonOf]->ella19 => ella19-[greatGrandmotherOf]->nico4
greatGranddaughterOf,greatGrandfatherOf,305,610,0.5,lena18-[greatGranddaughterOf]->moritz8 => moritz8-[greatGrandfatherOf]->lena18,lisa5-[greatGranddaughterOf]->david20 => david20-[greatGrandfatherOf]->lisa5,lisa5-[greatGranddaughterOf]->moritz8 => moritz8-[greatGrandfatherOf]->lisa5
greatGranddaughterOf,greatGrandmotherOf,305,610,0.5,lena18-[greatGranddaughterOf]->emma7 => emma7-[greatGrandmotherOf]->lena18,lisa5-[greatGranddaughterOf]->emma7 => emma7-[greatGrandmotherOf]->lisa5,lisa5-[greatGranddaughterOf]->ella19 => ella19-[greatGrandmotherOf]->lisa5
grandfatherOf,granddaughterOf,406,813,0.4993849938499385,luis14-[grandfatherOf]->lena18 => lena18-[granddaughterOf]->luis14,dominik2-[grandfatherOf]->lisa5 => lisa5-[granddaughterOf]->dominik2,david20-[grandfatherOf]->olivia0 => olivia0-[granddaughterOf]->david20
grandmotherOf,granddaughterOf,406,813,0.4993849938499385,katharina1-[grandmotherOf]->lisa5 => lisa5-[granddaughterOf]->katharina1,emily15-[grandmotherOf]->lena18 => lena18-[granddaughterOf]->emily15,ella19-[grandmotherOf]->olivia0 => olivia0-[granddaughterOf]->ella19
girlFirstCousinOnceRemovedOf,secondUncleOf,76,153,0.49673202614379086,lena18-[girlFirstCousinOnceRemovedOf]->adam9 => adam9-[secondUncleOf]->lena18,lena18-[girlFirstCousinOnceRemovedOf]->oskar24 => oskar24-[secondUncleOf]->lena18,lena18-[girlFirstCousinOnceRemovedOf]->jonas23 => jonas23-[secondUncleOf]->lena18
greatGrandfatherOf,greatGranddaughterOf,305,617,0.49432739059967584,david20-[greatGrandfatherOf]->lisa5 => lisa5-[greatGranddaughterOf]->david20,moritz8-[greatGrandfatherOf]->lena18 => lena18-[greatGranddaughterOf]->moritz8,moritz8-[greatGrandfatherOf]->lisa5 => lisa5-[greatGranddaughterOf]->moritz8
greatGrandmotherOf,greatGranddaughterOf,305,617,0.49432739059967584,ella19-[greatGrandmotherOf]->lisa5 => lisa5-[greatGranddaughterOf]->ella19,emma7-[greatGrandmotherOf]->lena18 => lena18-[greatGranddaughterOf]->emma7,emma7-[greatGrandmotherOf]->lisa5 => lisa5-[greatGranddaughterOf]->emma7
sonOf,fatherOf,292,600,0.4866666666666667,luis14-[sonOf]->moritz8 => moritz8-[fatherOf]->luis14,leon16-[sonOf]->luis14 => luis14-[fatherOf]->leon16,dominik2-[sonOf]->david20 => david20-[fatherOf]->dominik2
sisterOf,brotherOf,308,636,0.48427672955974843,olivia0-[sisterOf]->oskar24 => oskar24-[brotherOf]->olivia0,olivia0-[sisterOf]->adam9 => adam9-[brotherOf]->olivia0,katharina1-[sisterOf]->luis14 => luis14-[brotherOf]->katharina1
secondUncleOf,girlFirstCousinOnceRemovedOf,76,158,0.4810126582278481,leon16-[secondUncleOf]->lisa5 => lisa5-[girlFirstCousinOnceRemovedOf]->leon16,jonas23-[secondUncleOf]->lisa5 => lisa5-[girlFirstCousinOnceRemovedOf]->jonas23,jonas23-[secondUncleOf]->lena18 => lena18-[girlFirstCousinOnceRemovedOf]->jonas23
nieceOf,uncleOf,238,496,0.4798387096774194,olivia0-[nieceOf]->luis14 => luis14-[uncleOf]->olivia0,selina10-[nieceOf]->luis14 => luis14-[uncleOf]->selina10,isabella11-[nieceOf]->luis14 => luis14-[uncleOf]->isabella11
uncleOf,nephewOf,216,454,0.47577092511013214,luis14-[uncleOf]->adam9 => adam9-[nephewOf]->luis14,luis14-[uncleOf]->oskar24 => oskar24-[nephewOf]->luis14,luis14-[uncleOf]->jonas23 => jonas23-[nephewOf]->luis14
girlCousinOf,boyCousinOf,209,445,0.4696629213483146,olivia0-[girlCousinOf]->leon16 => leon16-[boyCousinOf]->olivia0,olivia0-[girlCousinOf]->jonas23 => jonas23-[boyCousinOf]->olivia0,selina10-[girlCousinOf]->leon16 => leon16-[boyCousinOf]->selina10
boyCousinOf,boyCousinOf,182,391,0.46547314578005117,leon16-[boyCousinOf]->adam9 => adam9-[boyCousinOf]->leon16,leon16-[boyCousinOf]->oskar24 => oskar24-[boyCousinOf]->leon16,leon16-[boyCousinOf]->jonas23 => jonas23-[boyCousinOf]->leon16
auntOf,nieceOf,258,556,0.46402877697841727,katharina1-[auntOf]->johanna22 => johanna22-[nieceOf]->katharina1,selina10-[auntOf]->lisa5 => lisa5-[nieceOf]->selina10,isabella11-[auntOf]->lisa5 => lisa5-[nieceOf]->isabella11
brotherOf,brotherOf,262,570,0.45964912280701753,oskar24-[brotherOf]->adam9 => adam9-[brotherOf]->oskar24,nico4-[brotherOf]->elias6 => elias6-[brotherOf]->nico4,elias6-[brotherOf]->nico4 => nico4-[brotherOf]->elias6
boyFirstCousinOnceRemovedOf,secondUncleOf,82,180,0.45555555555555555,fabian26-[boyFirstCousinOnceRemovedOf]->adam9 => adam9-[secondUncleOf]->fabian26,fabian26-[boyFirstCousinOnceRemovedOf]->leon16 => leon16-[secondUncleOf]->fabian26,fabian26-[boyFirstCousinOnceRemovedOf]->oskar24 => oskar24-[secondUncleOf]->fabian26
secondAuntOf,girlFirstCousinOnceRemovedOf,77,175,0.44,olivia0-[secondAuntOf]->lena18 => lena18-[girlFirstCousinOnceRemovedOf]->olivia0,selina10-[secondAuntOf]->lena18 => lena18-[girlFirstCousinOnceRemovedOf]->selina10,isabella11-[secondAuntOf]->lena18 => lena18-[girlFirstCousinOnceRemovedOf]->isabella11
fatherOf,daughterOf,316,733,0.4311050477489768,leon16-[fatherOf]->lena18 => lena18-[daughterOf]->leon16,dominik2-[fatherOf]->isabella11 => isabella11-[daughterOf]->dominik2,dominik2-[fatherOf]->selina10 => selina10-[daughterOf]->dominik2
nephewOf,uncleOf,216,514,0.42023346303501946,jonas23-[nephewOf]->luis14 => luis14-[uncleOf]->jonas23,oskar24-[nephewOf]->luis14 => luis14-[uncleOf]->oskar24,nico4-[nephewOf]->oskar24 => oskar24-[uncleOf]->nico4
boySecondCousinOf,boySecondCousinOf,28,68,0.4117647058823529,fabian26-[boySecondCousinOf]->elias6 => elias6-[boySecondCousinOf]->fabian26,fabian26-[boySecondCousinOf]->nico4 => nico4-[boySecondCousinOf]->fabian26,nico4-[boySecondCousinOf]->fabian26 => fabian26-[boySecondCousinOf]->nico4
fatherOf,sonOf,292,733,0.39836289222373805,luis14-[fatherOf]->leon16 => leon16-[sonOf]->luis14,dominik2-[fatherOf]->oskar24 => oskar24-[sonOf]->dominik2,dominik2-[fatherOf]->adam9 => adam9-[sonOf]->dominik2
sonOf,motherOf,220,600,0.36666666666666664,luis14-[sonOf]->emma7 => emma7-[motherOf]->luis14,leon16-[sonOf]->emily15 => emily15-[motherOf]->leon16,dominik2-[sonOf]->ella19 => ella19-[motherOf]->dominik2
daughterOf,motherOf,224,628,0.35668789808917195,selina10-[daughterOf]->katharina1 => katharina1-[motherOf]->selina10,isabella11-[daughterOf]->katharina1 => katharina1-[motherOf]->isabella11,paula12-[daughterOf]->emma7 => emma7-[motherOf]->paula12
girlSecondCousinOf,girlSecondCousinOf,22,62,0.3548387096774194,lena18-[girlSecondCousinOf]->lisa5 => lisa5-[girlSecondCousinOf]->lena18,lisa5-[girlSecondCousinOf]->lena18 => lena18-[girlSecondCousinOf]->lisa5,alina123-[girlSecondCousinOf]->marlene127 => marlene127-[girlSecondCousinOf]->alina123
motherOf,daughterOf,224,733,0.30559345156889495,olivia0-[motherOf]->lisa5 => lisa5-[daughterOf]->olivia0,katharina1-[motherOf]->isabella11 => isabella11-[daughterOf]->katharina1,katharina1-[motherOf]->selina10 => selina10-[daughterOf]->katharina1
motherOf,sonOf,220,733,0.30013642564802184,olivia0-[motherOf]->elias6 => elias6-[sonOf]->olivia0,katharina1-[motherOf]->oskar24 => oskar24-[sonOf]->katharina1,katharina1-[motherOf]->adam9 => adam9-[sonOf]->katharina1
auntOf,auntOf,0,556,0.0,,,
auntOf,boyCousinOf,0,556,0.0,,,
auntOf,boyFirstCousinOnceRemovedOf,0,556,0.0,,,
auntOf,boySecondCousinOf,0,556,0.0,,,
auntOf,brotherOf,0,556,0.0,,,
auntOf,daughterOf,0,556,0.0,,,
auntOf,fatherOf,0,556,0.0,,,
auntOf,girlCousinOf,0,556,0.0,,,
auntOf,girlFirstCousinOnceRemovedOf,0,556,0.0,,,
auntOf,girlSecondCousinOf,0,556,0.0,,,
auntOf,granddaughterOf,0,556,0.0,,,
auntOf,grandfatherOf,0,556,0.0,,,
auntOf,grandmotherOf,0,556,0.0,,,
auntOf,grandsonOf,0,556,0.0,,,
auntOf,greatAuntOf,0,556,0.0,,,
auntOf,greatGranddaughterOf,0,556,0.0,,,
auntOf,greatGrandfatherOf,0,556,0.0,,,
auntOf,greatGrandmotherOf,0,556,0.0,,,
auntOf,greatGrandsonOf,0,556,0.0,,,
auntOf,greatUncleOf,0,556,0.0,,,
auntOf,motherOf,0,556,0.0,,,
auntOf,secondAuntOf,0,556,0.0,,,
auntOf,secondUncleOf,0,556,0.0,,,
auntOf,sisterOf,0,556,0.0,,,
auntOf,sonOf,0,556,0.0,,,
auntOf,uncleOf,0,556,0.0,,,
boyCousinOf,auntOf,0,391,0.0,,,
boyCousinOf,boyFirstCousinOnceRemovedOf,0,391,0.0,,,
boyCousinOf,boySecondCousinOf,0,391,0.0,,,
boyCousinOf,brotherOf,0,391,0.0,,,
boyCousinOf,daughterOf,0,391,0.0,,,
boyCousinOf,fatherOf,0,391,0.0,,,
boyCousinOf,girlFirstCousinOnceRemovedOf,0,391,0.0,,,
boyCousinOf,girlSecondCousinOf,0,391,0.0,,,
boyCousinOf,granddaughterOf,0,391,0.0,,,
boyCousinOf,grandfatherOf,0,391,0.0,,,
boyCousinOf,grandmotherOf,0,391,0.0,,,
boyCousinOf,grandsonOf,0,391,0.0,,,
boyCousinOf,greatAuntOf,0,391,0.0,,,
boyCousinOf,greatGranddaughterOf,0,391,0.0,,,
boyCousinOf,greatGrandfatherOf,0,391,0.0,,,
boyCousinOf,greatGrandmotherOf,0,391,0.0,,,
boyCousinOf,greatGrandsonOf,0,391,0.0,,,
boyCousinOf,greatUncleOf,0,391,0.0,,,
boyCousinOf,motherOf,0,391,0.0,,,
boyCousinOf,nephewOf,0,391,0.0,,,
boyCousinOf,nieceOf,0,391,0.0,,,
boyCousinOf,secondAuntOf,0,391,0.0,,,
boyCousinOf,secondUncleOf,0,391,0.0,,,
boyCousinOf,sisterOf,0,391,0.0,,,
boyCousinOf,sonOf,0,391,0.0,,,
boyCousinOf,uncleOf,0,391,0.0,,,
boyFirstCousinOnceRemovedOf,auntOf,0,180,0.0,,,
boyFirstCousinOnceRemovedOf,boyCousinOf,0,180,0.0,,,
boyFirstCousinOnceRemovedOf,boyFirstCousinOnceRemovedOf,0,180,0.0,,,
boyFirstCousinOnceRemovedOf,boySecondCousinOf,0,180,0.0,,,
boyFirstCousinOnceRemovedOf,brotherOf,0,180,0.0,,,
boyFirstCousinOnceRemovedOf,daughterOf,0,180,0.0,,,
boyFirstCousinOnceRemovedOf,fatherOf,0,180,0.0,,,
boyFirstCousinOnceRemovedOf,girlCousinOf,0,180,0.0,,,
boyFirstCousinOnceRemovedOf,girlFirstCousinOnceRemovedOf,0,180,0.0,,,
boyFirstCousinOnceRemovedOf,girlSecondCousinOf,0,180,0.0,,,
boyFirstCousinOnceRemovedOf,granddaughterOf,0,180,0.0,,,
boyFirstCousinOnceRemovedOf,grandfatherOf,0,180,0.0,,,
boyFirstCousinOnceRemovedOf,grandmotherOf,0,180,0.0,,,
boyFirstCousinOnceRemovedOf,grandsonOf,0,180,0.0,,,
boyFirstCousinOnceRemovedOf,greatAuntOf,0,180,0.0,,,
boyFirstCousinOnceRemovedOf,greatGranddaughterOf,0,180,0.0,,,
boyFirstCousinOnceRemovedOf,greatGrandfatherOf,0,180,0.0,,,
boyFirstCousinOnceRemovedOf,greatGrandmotherOf,0,180,0.0,,,
boyFirstCousinOnceRemovedOf,greatGrandsonOf,0,180,0.0,,,
boyFirstCousinOnceRemovedOf,greatUncleOf,0,180,0.0,,,
boyFirstCousinOnceRemovedOf,motherOf,0,180,0.0,,,
boyFirstCousinOnceRemovedOf,nephewOf,0,180,0.0,,,
boyFirstCousinOnceRemovedOf,nieceOf,0,180,0.0,,,
boyFirstCousinOnceRemovedOf,sisterOf,0,180,0.0,,,
boyFirstCousinOnceRemovedOf,sonOf,0,180,0.0,,,
boyFirstCousinOnceRemovedOf,uncleOf,0,180,0.0,,,
boySecondCousinOf,auntOf,0,68,0.0,,,
boySecondCousinOf,boyCousinOf,0,68,0.0,,,
boySecondCousinOf,boyFirstCousinOnceRemovedOf,0,68,0.0,,,
boySecondCousinOf,brotherOf,0,68,0.0,,,
boySecondCousinOf,daughterOf,0,68,0.0,,,
boySecondCousinOf,fatherOf,0,68,0.0,,,
boySecondCousinOf,girlCousinOf,0,68,0.0,,,
boySecondCousinOf,girlFirstCousinOnceRemovedOf,0,68,0.0,,,
boySecondCousinOf,granddaughterOf,0,68,0.0,,,
boySecondCousinOf,grandfatherOf,0,68,0.0,,,
boySecondCousinOf,grandmotherOf,0,68,0.0,,,
boySecondCousinOf,grandsonOf,0,68,0.0,,,
boySecondCousinOf,greatAuntOf,0,68,0.0,,,
boySecondCousinOf,greatGranddaughterOf,0,68,0.0,,,
boySecondCousinOf,greatGrandfatherOf,0,68,0.0,,,
boySecondCousinOf,greatGrandmotherOf,0,68,0.0,,,
boySecondCousinOf,greatGrandsonOf,0,68,0.0,,,
boySecondCousinOf,greatUncleOf,0,68,0.0,,,
boySecondCousinOf,motherOf,0,68,0.0,,,
boySecondCousinOf,nephewOf,0,68,0.0,,,
boySecondCousinOf,nieceOf,0,68,0.0,,,
boySecondCousinOf,secondAuntOf,0,68,0.0,,,
boySecondCousinOf,secondUncleOf,0,68,0.0,,,
boySecondCousinOf,sisterOf,0,68,0.0,,,
boySecondCousinOf,sonOf,0,68,0.0,,,
boySecondCousinOf,uncleOf,0,68,0.0,,,
brotherOf,auntOf,0,570,0.0,,,
brotherOf,boyCousinOf,0,570,0.0,,,
brotherOf,boyFirstCousinOnceRemovedOf,0,570,0.0,,,
brotherOf,boySecondCousinOf,0,570,0.0,,,
brotherOf,daughterOf,0,570,0.0,,,
brotherOf,fatherOf,0,570,0.0,,,
brotherOf,girlCousinOf,0,570,0.0,,,
brotherOf,girlFirstCousinOnceRemovedOf,0,570,0.0,,,
brotherOf,girlSecondCousinOf,0,570,0.0,,,
brotherOf,granddaughterOf,0,570,0.0,,,
brotherOf,grandfatherOf,0,570,0.0,,,
brotherOf,grandmotherOf,0,570,0.0,,,
brotherOf,grandsonOf,0,570,0.0,,,
brotherOf,greatAuntOf,0,570,0.0,,,
brotherOf,greatGranddaughterOf,0,570,0.0,,,
brotherOf,greatGrandfatherOf,0,570,0.0,,,
brotherOf,greatGrandmotherOf,0,570,0.0,,,
brotherOf,greatGrandsonOf,0,570,0.0,,,
brotherOf,greatUncleOf,0,570,0.0,,,
brotherOf,motherOf,0,570,0.0,,,
brotherOf,nephewOf,0,570,0.0,,,
brotherOf,nieceOf,0,570,0.0,,,
brotherOf,secondAuntOf,0,570,0.0,,,
brotherOf,secondUncleOf,0,570,0.0,,,
brotherOf,sonOf,0,570,0.0,,,
brotherOf,uncleOf,0,570,0.0,,,
daughterOf,auntOf,0,628,0.0,,,
daughterOf,boyCousinOf,0,628,0.0,,,
daughterOf,boyFirstCousinOnceRemovedOf,0,628,0.0,,,
daughterOf,boySecondCousinOf,0,628,0.0,,,
daughterOf,brotherOf,0,628,0.0,,,
daughterOf,daughterOf,0,628,0.0,,,
daughterOf,girlCousinOf,0,628,0.0,,,
daughterOf,girlFirstCousinOnceRemovedOf,0,628,0.0,,,
daughterOf,girlSecondCousinOf,0,628,0.0,,,
daughterOf,granddaughterOf,0,628,0.0,,,
daughterOf,grandfatherOf,0,628,0.0,,,
daughterOf,grandmotherOf,0,628,0.0,,,
daughterOf,grandsonOf,0,628,0.0,,,
daughterOf,greatAuntOf,0,628,0.0,,,
daughterOf,greatGranddaughterOf,0,628,0.0,,,
daughterOf,greatGrandfatherOf,0,628,0.0,,,
daughterOf,greatGrandmotherOf,0,628,0.0,,,
daughterOf,greatGrandsonOf,0,628,0.0,,,
daughterOf,greatUncleOf,0,628,0.0,,,
daughterOf,nephewOf,0,628,0.0,,,
daughterOf,nieceOf,0,628,0.0,,,
daughterOf,secondAuntOf,0,628,0.0,,,
daughterOf,secondUncleOf,0,628,0.0,,,
daughterOf,sisterOf,0,628,0.0,,,
daughterOf,sonOf,0,628,0.0,,,
daughterOf,uncleOf,0,628,0.0,,,
fatherOf,auntOf,0,733,0.0,,,
fatherOf,boyCousinOf,0,733,0.0,,,
fatherOf,boyFirstCousinOnceRemovedOf,0,733,0.0,,,
fatherOf,boySecondCousinOf,0,733,0.0,,,
fatherOf,brotherOf,0,733,0.0,,,
fatherOf,fatherOf,0,733,0.0,,,
fatherOf,girlCousinOf,0,733,0.0,,,
fatherOf,girlFirstCousinOnceRemovedOf,0,733,0.0,,,
fatherOf,girlSecondCousinOf,0,733,0.0,,,
fatherOf,granddaughterOf,0,733,0.0,,,
fatherOf,grandfatherOf,0,733,0.0,,,
fatherOf,grandmotherOf,0,733,0.0,,,
fatherOf,grandsonOf,0,733,0.0,,,
fatherOf,greatAuntOf,0,733,0.0,,,
fatherOf,greatGranddaughterOf,0,733,0.0,,,
fatherOf,greatGrandfatherOf,0,733,0.0,,,
fatherOf,greatGrandmotherOf,0,733,0.0,,,
fatherOf,greatGrandsonOf,0,733,0.0,,,
fatherOf,greatUncleOf,0,733,0.0,,,
fatherOf,motherOf,0,733,0.0,,,
fatherOf,nephewOf,0,733,0.0,,,
fatherOf,nieceOf,0,733,0.0,,,
fatherOf,secondAuntOf,0,733,0.0,,,
fatherOf,secondUncleOf,0,733,0.0,,,
fatherOf,sisterOf,0,733,0.0,,,
fatherOf,uncleOf,0,733,0.0,,,
girlCousinOf,auntOf,0,445,0.0,,,
girlCousinOf,boyFirstCousinOnceRemovedOf,0,445,0.0,,,
girlCousinOf,boySecondCousinOf,0,445,0.0,,,
girlCousinOf,brotherOf,0,445,0.0,,,
girlCousinOf,daughterOf,0,445,0.0,,,
girlCousinOf,fatherOf,0,445,0.0,,,
girlCousinOf,girlFirstCousinOnceRemovedOf,0,445,0.0,,,
girlCousinOf,girlSecondCousinOf,0,445,0.0,,,
girlCousinOf,granddaughterOf,0,445,0.0,,,
girlCousinOf,grandfatherOf,0,445,0.0,,,
girlCousinOf,grandmotherOf,0,445,0.0,,,
girlCousinOf,grandsonOf,0,445,0.0,,,
girlCousinOf,greatAuntOf,0,445,0.0,,,
girlCousinOf,greatGranddaughterOf,0,445,0.0,,,
girlCousinOf,greatGrandfatherOf,0,445,0.0,,,
girlCousinOf,greatGrandmotherOf,0,445,0.0,,,
girlCousinOf,greatGrandsonOf,0,445,0.0,,,
girlCousinOf,greatUncleOf,0,445,0.0,,,
girlCousinOf,motherOf,0,445,0.0,,,
girlCousinOf,nephewOf,0,445,0.0,,,
girlCousinOf,nieceOf,0,445,0.0,,,
girlCousinOf,secondAuntOf,0,445,0.0,,,
girlCousinOf,secondUncleOf,0,445,0.0,,,
girlCousinOf,sisterOf,0,445,0.0,,,
girlCousinOf,sonOf,0,445,0.0,,,
girlCousinOf,uncleOf,0,445,0.0,,,
girlFirstCousinOnceRemovedOf,auntOf,0,153,0.0,,,
girlFirstCousinOnceRemovedOf,boyCousinOf,0,153,0.0,,,
girlFirstCousinOnceRemovedOf,boyFirstCousinOnceRemovedOf,0,153,0.0,,,
girlFirstCousinOnceRemovedOf,boySecondCousinOf,0,153,0.0,,,
girlFirstCousinOnceRemovedOf,brotherOf,0,153,0.0,,,
girlFirstCousinOnceRemovedOf,daughterOf,0,153,0.0,,,
girlFirstCousinOnceRemovedOf,fatherOf,0,153,0.0,,,
girlFirstCousinOnceRemovedOf,girlCousinOf,0,153,0.0,,,
girlFirstCousinOnceRemovedOf,girlFirstCousinOnceRemovedOf,0,153,0.0,,,
girlFirstCousinOnceRemovedOf,girlSecondCousinOf,0,153,0.0,,,
girlFirstCousinOnceRemovedOf,granddaughterOf,0,153,0.0,,,
girlFirstCousinOnceRemovedOf,grandfatherOf,0,153,0.0,,,
girlFirstCousinOnceRemovedOf,grandmotherOf,0,153,0.0,,,
girlFirstCousinOnceRemovedOf,grandsonOf,0,153,0.0,,,
girlFirstCousinOnceRemovedOf,greatAuntOf,0,153,0.0,,,
girlFirstCousinOnceRemovedOf,greatGranddaughterOf,0,153,0.0,,,
girlFirstCousinOnceRemovedOf,greatGrandfatherOf,0,153,0.0,,,
girlFirstCousinOnceRemovedOf,greatGrandmotherOf,0,153,0.0,,,
girlFirstCousinOnceRemovedOf,greatGrandsonOf,0,153,0.0,,,
girlFirstCousinOnceRemovedOf,greatUncleOf,0,153,0.0,,,
girlFirstCousinOnceRemovedOf,motherOf,0,153,0.0,,,
girlFirstCousinOnceRemovedOf,nephewOf,0,153,0.0,,,
girlFirstCousinOnceRemovedOf,nieceOf,0,153,0.0,,,
girlFirstCousinOnceRemovedOf,sisterOf,0,153,0.0,,,
girlFirstCousinOnceRemovedOf,sonOf,0,153,0.0,,,
girlFirstCousinOnceRemovedOf,uncleOf,0,153,0.0,,,
girlSecondCousinOf,auntOf,0,62,0.0,,,
girlSecondCousinOf,boyCousinOf,0,62,0.0,,,
girlSecondCousinOf,boyFirstCousinOnceRemovedOf,0,62,0.0,,,
girlSecondCousinOf,brotherOf,0,62,0.0,,,
girlSecondCousinOf,daughterOf,0,62,0.0,,,
girlSecondCousinOf,fatherOf,0,62,0.0,,,
girlSecondCousinOf,girlCousinOf,0,62,0.0,,,
girlSecondCousinOf,girlFirstCousinOnceRemovedOf,0,62,0.0,,,
girlSecondCousinOf,granddaughterOf,0,62,0.0,,,
girlSecondCousinOf,grandfatherOf,0,62,0.0,,,
girlSecondCousinOf,grandmotherOf,0,62,0.0,,,
girlSecondCousinOf,grandsonOf,0,62,0.0,,,
girlSecondCousinOf,greatAuntOf,0,62,0.0,,,
girlSecondCousinOf,greatGranddaughterOf,0,62,0.0,,,
girlSecondCousinOf,greatGrandfatherOf,0,62,0.0,,,
girlSecondCousinOf,greatGrandmotherOf,0,62,0.0,,,
girlSecondCousinOf,greatGrandsonOf,0,62,0.0,,,
girlSecondCousinOf,greatUncleOf,0,62,0.0,,,
girlSecondCousinOf,motherOf,0,62,0.0,,,
girlSecondCousinOf,nephewOf,0,62,0.0,,,
girlSecondCousinOf,nieceOf,0,62,0.0,,,
girlSecondCousinOf,secondAuntOf,0,62,0.0,,,
girlSecondCousinOf,secondUncleOf,0,62,0.0,,,
girlSecondCousinOf,sisterOf,0,62,0.0,,,
girlSecondCousinOf,sonOf,0,62,0.0,,,
girlSecondCousinOf,uncleOf,0,62,0.0,,,
granddaughterOf,auntOf,0,812,0.0,,,
granddaughterOf,boyCousinOf,0,812,0.0,,,
granddaughterOf,boyFirstCousinOnceRemovedOf,0,812,0.0,,,
granddaughterOf,boySecondCousinOf,0,812,0.0,,,
granddaughterOf,brotherOf,0,812,0.0,,,
granddaughterOf,daughterOf,0,812,0.0,,,
granddaughterOf,fatherOf,0,812,0.0,,,
granddaughterOf,girlCousinOf,0,812,0.0,,,
granddaughterOf,girlFirstCousinOnceRemovedOf,0,812,0.0,,,
granddaughterOf,girlSecondCousinOf,0,812,0.0,,,
granddaughterOf,granddaughterOf,0,812,0.0,,,
granddaughterOf,grandsonOf,0,812,0.0,,,
granddaughterOf,greatAuntOf,0,812,0.0,,,
granddaughterOf,greatGranddaughterOf,0,812,0.0,,,
granddaughterOf,greatGrandfatherOf,0,812,0.0,,,
granddaughterOf,greatGrandmotherOf,0,812,0.0,,,
granddaughterOf,greatGrandsonOf,0,812,0.0,,,
granddaughterOf,greatUncleOf,0,812,0.0,,,
granddaughterOf,motherOf,0,812,0.0,,,
granddaughterOf,nephewOf,0,812,0.0,,,
granddaughterOf,nieceOf,0,812,0.0,,,
granddaughterOf,secondAuntOf,0,812,0.0,,,
granddaughterOf,secondUncleOf,0,812,0.0,,,
granddaughterOf,sisterOf,0,812,0.0,,,
granddaughterOf,sonOf,0,812,0.0,,,
granddaughterOf,uncleOf,0,812,0.0,,,
grandfatherOf,auntOf,0,813,0.0,,,
grandfatherOf,boyCousinOf,0,813,0.0,,,
grandfatherOf,boyFirstCousinOnceRemovedOf,0,813,0.0,,,
grandfatherOf,boySecondCousinOf,0,813,0.0,,,
grandfatherOf,brotherOf,0,813,0.0,,,
grandfatherOf,daughterOf,0,813,0.0,,,
grandfatherOf,fatherOf,0,813,0.0,,,
grandfatherOf,girlCousinOf,0,813,0.0,,,
grandfatherOf,girlFirstCousinOnceRemovedOf,0,813,0.0,,,
grandfatherOf,girlSecondCousinOf,0,813,0.0,,,
grandfatherOf,grandfatherOf,0,813,0.0,,,
grandfatherOf,grandmotherOf,0,813,0.0,,,
grandfatherOf,greatAuntOf,0,813,0.0,,,
grandfatherOf,greatGranddaughterOf,0,813,0.0,,,
grandfatherOf,greatGrandfatherOf,0,813,0.0,,,
grandfatherOf,greatGrandmotherOf,0,813,0.0,,,
grandfatherOf,greatGrandsonOf,0,813,0.0,,,
grandfatherOf,greatUncleOf,0,813,0.0,,,
grandfatherOf,motherOf,0,813,0.0,,,
grandfatherOf,nephewOf,0,813,0.0,,,
grandfatherOf,nieceOf,0,813,0.0,,,
grandfatherOf,secondAuntOf,0,813,0.0,,,
grandfatherOf,secondUncleOf,0,813,0.0,,,
grandfatherOf,sisterOf,0,813,0.0,,,
grandfatherOf,sonOf,0,813,0.0,,,
grandfatherOf,uncleOf,0,813,0.0,,,
grandmotherOf,auntOf,0,813,0.0,,,
grandmotherOf,boyCousinOf,0,813,0.0,,,
grandmotherOf,boyFirstCousinOnceRemovedOf,0,813,0.0,,,
grandmotherOf,boySecondCousinOf,0,813,0.0,,,
grandmotherOf,brotherOf,0,813,0.0,,,
grandmotherOf,daughterOf,0,813,0.0,,,
grandmotherOf,fatherOf,0,813,0.0,,,
grandmotherOf,girlCousinOf,0,813,0.0,,,
grandmotherOf,girlFirstCousinOnceRemovedOf,0,813,0.0,,,
grandmotherOf,girlSecondCousinOf,0,813,0.0,,,
grandmotherOf,grandfatherOf,0,813,0.0,,,
grandmotherOf,grandmotherOf,0,813,0.0,,,
grandmotherOf,greatAuntOf,0,813,0.0,,,
grandmotherOf,greatGranddaughterOf,0,813,0.0,,,
grandmotherOf,greatGrandfatherOf,0,813,0.0,,,
grandmotherOf,greatGrandmotherOf,0,813,0.0,,,
grandmotherOf,greatGrandsonOf,0,813,0.0,,,
grandmotherOf,greatUncleOf,0,813,0.0,,,
grandmotherOf,motherOf,0,813,0.0,,,
grandmotherOf,nephewOf,0,813,0.0,,,
grandmotherOf,nieceOf,0,813,0.0,,,
grandmotherOf,secondAuntOf,0,813,0.0,,,
grandmotherOf,secondUncleOf,0,813,0.0,,,
grandmotherOf,sisterOf,0,813,0.0,,,
grandmotherOf,sonOf,0,813,0.0,,,
grandmotherOf,uncleOf,0,813,0.0,,,
grandsonOf,auntOf,0,814,0.0,,,
grandsonOf,boyCousinOf,0,814,0.0,,,
grandsonOf,boyFirstCousinOnceRemovedOf,0,814,0.0,,,
grandsonOf,boySecondCousinOf,0,814,0.0,,,
grandsonOf,brotherOf,0,814,0.0,,,
grandsonOf,daughterOf,0,814,0.0,,,
grandsonOf,fatherOf,0,814,0.0,,,
grandsonOf,girlCousinOf,0,814,0.0,,,
grandsonOf,girlFirstCousinOnceRemovedOf,0,814,0.0,,,
grandsonOf,girlSecondCousinOf,0,814,0.0,,,
grandsonOf,granddaughterOf,0,814,0.0,,,
grandsonOf,grandsonOf,0,814,0.0,,,
grandsonOf,greatAuntOf,0,814,0.0,,,
grandsonOf,greatGranddaughterOf,0,814,0.0,,,
grandsonOf,greatGrandfatherOf,0,814,0.0,,,
grandsonOf,greatGrandmotherOf,0,814,0.0,,,
grandsonOf,greatGrandsonOf,0,814,0.0,,,
grandsonOf,greatUncleOf,0,814,0.0,,,
grandsonOf,motherOf,0,814,0.0,,,
grandsonOf,nephewOf,0,814,0.0,,,
grandsonOf,nieceOf,0,814,0.0,,,
grandsonOf,secondAuntOf,0,814,0.0,,,
grandsonOf,secondUncleOf,0,814,0.0,,,
grandsonOf,sisterOf,0,814,0.0,,,
grandsonOf,sonOf,0,814,0.0,,,
grandsonOf,uncleOf,0,814,0.0,,,
greatAuntOf,auntOf,0,312,0.0,,,
greatAuntOf,boyCousinOf,0,312,0.0,,,
greatAuntOf,boyFirstCousinOnceRemovedOf,0,312,0.0,,,
greatAuntOf,boySecondCousinOf,0,312,0.0,,,
greatAuntOf,brotherOf,0,312,0.0,,,
greatAuntOf,daughterOf,0,312,0.0,,,
greatAuntOf,fatherOf,0,312,0.0,,,
greatAuntOf,girlCousinOf,0,312,0.0,,,
greatAuntOf,girlFirstCousinOnceRemovedOf,0,312,0.0,,,
greatAuntOf,girlSecondCousinOf,0,312,0.0,,,
greatAuntOf,granddaughterOf,0,312,0.0,,,
greatAuntOf,grandfatherOf,0,312,0.0,,,
greatAuntOf,grandmotherOf,0,312,0.0,,,
greatAuntOf,grandsonOf,0,312,0.0,,,
greatAuntOf,greatAuntOf,0,312,0.0,,,
greatAuntOf,greatGranddaughterOf,0,312,0.0,,,
greatAuntOf,greatGrandfatherOf,0,312,0.0,,,
greatAuntOf,greatGrandmotherOf,0,312,0.0,,,
greatAuntOf,greatGrandsonOf,0,312,0.0,,,
greatAuntOf,greatUncleOf,0,312,0.0,,,
greatAuntOf,motherOf,0,312,0.0,,,
greatAuntOf,nephewOf,0,312,0.0,,,
greatAuntOf,nieceOf,0,312,0.0,,,
greatAuntOf,secondAuntOf,0,312,0.0,,,
greatAuntOf,secondUncleOf,0,312,0.0,,,
greatAuntOf,sisterOf,0,312,0.0,,,
greatAuntOf,sonOf,0,312,0.0,,,
greatAuntOf,uncleOf,0,312,0.0,,,
greatGranddaughterOf,auntOf,0,610,0.0,,,
greatGranddaughterOf,boyCousinOf,0,610,0.0,,,
greatGranddaughterOf,boyFirstCousinOnceRemovedOf,0,610,0.0,,,
greatGranddaughterOf,boySecondCousinOf,0,610,0.0,,,
greatGranddaughterOf,brotherOf,0,610,0.0,,,
greatGranddaughterOf,daughterOf,0,610,0.0,,,
greatGranddaughterOf,fatherOf,0,610,0.0,,,
greatGranddaughterOf,girlCousinOf,0,610,0.0,,,
greatGranddaughterOf,girlFirstCousinOnceRemovedOf,0,610,0.0,,,
greatGranddaughterOf,girlSecondCousinOf,0,610,0.0,,,
greatGranddaughterOf,granddaughterOf,0,610,0.0,,,
greatGranddaughterOf,grandfatherOf,0,610,0.0,,,
greatGranddaughterOf,grandmotherOf,0,610,0.0,,,
greatGranddaughterOf,grandsonOf,0,610,0.0,,,
greatGranddaughterOf,greatAuntOf,0,610,0.0,,,
greatGranddaughterOf,greatGranddaughterOf,0,610,0.0,,,
greatGranddaughterOf,greatGrandsonOf,0,610,0.0,,,
greatGranddaughterOf,greatUncleOf,0,610,0.0,,,
greatGranddaughterOf,motherOf,0,610,0.0,,,
greatGranddaughterOf,nephewOf,0,610,0.0,,,
greatGranddaughterOf,nieceOf,0,610,0.0,,,
greatGranddaughterOf,secondAuntOf,0,610,0.0,,,
greatGranddaughterOf,secondUncleOf,0,610,0.0,,,
greatGranddaughterOf,sisterOf,0,610,0.0,,,
greatGranddaughterOf,sonOf,0,610,0.0,,,
greatGranddaughterOf,uncleOf,0,610,0.0,,,
greatGrandfatherOf,auntOf,0,617,0.0,,,
greatGrandfatherOf,boyCousinOf,0,617,0.0,,,
greatGrandfatherOf,boyFirstCousinOnceRemovedOf,0,617,0.0,,,
greatGrandfatherOf,boySecondCousinOf,0,617,0.0,,,
greatGrandfatherOf,brotherOf,0,617,0.0,,,
greatGrandfatherOf,daughterOf,0,617,0.0,,,
greatGrandfatherOf,fatherOf,0,617,0.0,,,
greatGrandfatherOf,girlCousinOf,0,617,0.0,,,
greatGrandfatherOf,girlFirstCousinOnceRemovedOf,0,617,0.0,,,
greatGrandfatherOf,girlSecondCousinOf,0,617,0.0,,,
greatGrandfatherOf,granddaughterOf,0,617,0.0,,,
greatGrandfatherOf,grandfatherOf,0,617,0.0,,,
greatGrandfatherOf,grandmotherOf,0,617,0.0,,,
greatGrandfatherOf,grandsonOf,0,617,0.0,,,
greatGrandfatherOf,greatAuntOf,0,617,0.0,,,
greatGrandfatherOf,greatGrandfatherOf,0,617,0.0,,,
greatGrandfatherOf,greatGrandmotherOf,0,617,0.0,,,
greatGrandfatherOf,greatUncleOf,0,617,0.0,,,
greatGrandfatherOf,motherOf,0,617,0.0,,,
greatGrandfatherOf,nephewOf,0,617,0.0,,,
greatGrandfatherOf,nieceOf,0,617,0.0,,,
greatGrandfatherOf,secondAuntOf,0,617,0.0,,,
greatGrandfatherOf,secondUncleOf,0,617,0.0,,,
greatGrandfatherOf,sisterOf,0,617,0.0,,,
greatGrandfatherOf,sonOf,0,617,0.0,,,
greatGrandfatherOf,uncleOf,0,617,0.0,,,
greatGrandmotherOf,auntOf,0,617,0.0,,,
greatGrandmotherOf,boyCousinOf,0,617,0.0,,,
greatGrandmotherOf,boyFirstCousinOnceRemovedOf,0,617,0.0,,,
greatGrandmotherOf,boySecondCousinOf,0,617,0.0,,,
greatGrandmotherOf,brotherOf,0,617,0.0,,,
greatGrandmotherOf,daughterOf,0,617,0.0,,,
greatGrandmotherOf,fatherOf,0,617,0.0,,,
greatGrandmotherOf,girlCousinOf,0,617,0.0,,,
greatGrandmotherOf,girlFirstCousinOnceRemovedOf,0,617,0.0,,,
greatGrandmotherOf,girlSecondCousinOf,0,617,0.0,,,
greatGrandmotherOf,granddaughterOf,0,617,0.0,,,
greatGrandmotherOf,grandfatherOf,0,617,0.0,,,
greatGrandmotherOf,grandmotherOf,0,617,0.0,,,
greatGrandmotherOf,grandsonOf,0,617,0.0,,,
greatGrandmotherOf,greatAuntOf,0,617,0.0,,,
greatGrandmotherOf,greatGrandfatherOf,0,617,0.0,,,
greatGrandmotherOf,greatGrandmotherOf,0,617,0.0,,,
greatGrandmotherOf,greatUncleOf,0,617,0.0,,,
greatGrandmotherOf,motherOf,0,617,0.0,,,
greatGrandmotherOf,nephewOf,0,617,0.0,,,
greatGrandmotherOf,nieceOf,0,617,0.0,,,
greatGrandmotherOf,secondAuntOf,0,617,0.0,,,
greatGrandmotherOf,secondUncleOf,0,617,0.0,,,
greatGrandmotherOf,sisterOf,0,617,0.0,,,
greatGrandmotherOf,sonOf,0,617,0.0,,,
greatGrandmotherOf,uncleOf,0,617,0.0,,,
greatGrandsonOf,auntOf,0,624,0.0,,,
greatGrandsonOf,boyCousinOf,0,624,0.0,,,
greatGrandsonOf,boyFirstCousinOnceRemovedOf,0,624,0.0,,,
greatGrandsonOf,boySecondCousinOf,0,624,0.0,,,
greatGrandsonOf,brotherOf,0,624,0.0,,,
greatGrandsonOf,daughterOf,0,624,0.0,,,
greatGrandsonOf,fatherOf,0,624,0.0,,,
greatGrandsonOf,girlCousinOf,0,624,0.0,,,
greatGrandsonOf,girlFirstCousinOnceRemovedOf,0,624,0.0,,,
greatGrandsonOf,girlSecondCousinOf,0,624,0.0,,,
greatGrandsonOf,granddaughterOf,0,624,0.0,,,
greatGrandsonOf,grandfatherOf,0,624,0.0,,,
greatGrandsonOf,grandmotherOf,0,624,0.0,,,
greatGrandsonOf,grandsonOf,0,624,0.0,,,
greatGrandsonOf,greatAuntOf,0,624,0.0,,,
greatGrandsonOf,greatGranddaughterOf,0,624,0.0,,,
greatGrandsonOf,greatGrandsonOf,0,624,0.0,,,
greatGrandsonOf,greatUncleOf,0,624,0.0,,,
greatGrandsonOf,motherOf,0,624,0.0,,,
greatGrandsonOf,nephewOf,0,624,0.0,,,
greatGrandsonOf,nieceOf,0,624,0.0,,,
greatGrandsonOf,secondAuntOf,0,624,0.0,,,
greatGrandsonOf,secondUncleOf,0,624,0.0,,,
greatGrandsonOf,sisterOf,0,624,0.0,,,
greatGrandsonOf,sonOf,0,624,0.0,,,
greatGrandsonOf,uncleOf,0,624,0.0,,,
greatUncleOf,auntOf,0,237,0.0,,,
greatUncleOf,boyCousinOf,0,237,0.0,,,
greatUncleOf,boyFirstCousinOnceRemovedOf,0,237,0.0,,,
greatUncleOf,boySecondCousinOf,0,237,0.0,,,
greatUncleOf,brotherOf,0,237,0.0,,,
greatUncleOf,daughterOf,0,237,0.0,,,
greatUncleOf,fatherOf,0,237,0.0,,,
greatUncleOf,girlCousinOf,0,237,0.0,,,
greatUncleOf,girlFirstCousinOnceRemovedOf,0,237,0.0,,,
greatUncleOf,girlSecondCousinOf,0,237,0.0,,,
greatUncleOf,granddaughterOf,0,237,0.0,,,
greatUncleOf,grandfatherOf,0,237,0.0,,,
greatUncleOf,grandmotherOf,0,237,0.0,,,
greatUncleOf,grandsonOf,0,237,0.0,,,
greatUncleOf,greatAuntOf,0,237,0.0,,,
greatUncleOf,greatGranddaughterOf,0,237,0.0,,,
greatUncleOf,greatGrandfatherOf,0,237,0.0,,,
greatUncleOf,greatGrandmotherOf,0,237,0.0,,,
greatUncleOf,greatGrandsonOf,0,237,0.0,,,
greatUncleOf,greatUncleOf,0,237,0.0,,,
greatUncleOf,motherOf,0,237,0.0,,,
greatUncleOf,nephewOf,0,237,0.0,,,
greatUncleOf,nieceOf,0,237,0.0,,,
greatUncleOf,secondAuntOf,0,237,0.0,,,
greatUncleOf,secondUncleOf,0,237,0.0,,,
greatUncleOf,sisterOf,0,237,0.0,,,
greatUncleOf,sonOf,0,237,0.0,,,
greatUncleOf,uncleOf,0,237,0.0,,,
motherOf,auntOf,0,733,0.0,,,
motherOf,boyCousinOf,0,733,0.0,,,
motherOf,boyFirstCousinOnceRemovedOf,0,733,0.0,,,
motherOf,boySecondCousinOf,0,733,0.0,,,
motherOf,brotherOf,0,733,0.0,,,
motherOf,fatherOf,0,733,0.0,,,
motherOf,girlCousinOf,0,733,0.0,,,
motherOf,girlFirstCousinOnceRemovedOf,0,733,0.0,,,
motherOf,girlSecondCousinOf,0,733,0.0,,,
motherOf,granddaughterOf,0,733,0.0,,,
motherOf,grandfatherOf,0,733,0.0,,,
motherOf,grandmotherOf,0,733,0.0,,,
motherOf,grandsonOf,0,733,0.0,,,
motherOf,greatAuntOf,0,733,0.0,,,
motherOf,greatGranddaughterOf,0,733,0.0,,,
motherOf,greatGrandfatherOf,0,733,0.0,,,
motherOf,greatGrandmotherOf,0,733,0.0,,,
motherOf,greatGrandsonOf,0,733,0.0,,,
motherOf,greatUncleOf,0,733,0.0,,,
motherOf,motherOf,0,733,0.0,,,
motherOf,nephewOf,0,733,0.0,,,
motherOf,nieceOf,0,733,0.0,,,
motherOf,secondAuntOf,0,733,0.0,,,
motherOf,secondUncleOf,0,733,0.0,,,
motherOf,sisterOf,0,733,0.0,,,
motherOf,uncleOf,0,733,0.0,,,
nephewOf,boyCousinOf,0,514,0.0,,,
nephewOf,boyFirstCousinOnceRemovedOf,0,514,0.0,,,
nephewOf,boySecondCousinOf,0,514,0.0,,,
nephewOf,brotherOf,0,514,0.0,,,
nephewOf,daughterOf,0,514,0.0,,,
nephewOf,fatherOf,0,514,0.0,,,
nephewOf,girlCousinOf,0,514,0.0,,,
nephewOf,girlFirstCousinOnceRemovedOf,0,514,0.0,,,
nephewOf,girlSecondCousinOf,0,514,0.0,,,
nephewOf,granddaughterOf,0,514,0.0,,,
nephewOf,grandfatherOf,0,514,0.0,,,
nephewOf,grandmotherOf,0,514,0.0,,,
nephewOf,grandsonOf,0,514,0.0,,,
nephewOf,greatAuntOf,0,514,0.0,,,
nephewOf,greatGranddaughterOf,0,514,0.0,,,
nephewOf,greatGrandfatherOf,0,514,0.0,,,
nephewOf,greatGrandmotherOf,0,514,0.0,,,
nephewOf,greatGrandsonOf,0,514,0.0,,,
nephewOf,greatUncleOf,0,514,0.0,,,
nephewOf,motherOf,0,514,0.0,,,
nephewOf,nephewOf,0,514,0.0,,,
nephewOf,nieceOf,0,514,0.0,,,
nephewOf,secondAuntOf,0,514,0.0,,,
nephewOf,secondUncleOf,0,514,0.0,,,
nephewOf,sisterOf,0,514,0.0,,,
nephewOf,sonOf,0,514,0.0,,,
nieceOf,boyCousinOf,0,496,0.0,,,
nieceOf,boyFirstCousinOnceRemovedOf,0,496,0.0,,,
nieceOf,boySecondCousinOf,0,496,0.0,,,
nieceOf,brotherOf,0,496,0.0,,,
nieceOf,daughterOf,0,496,0.0,,,
nieceOf,fatherOf,0,496,0.0,,,
nieceOf,girlCousinOf,0,496,0.0,,,
nieceOf,girlFirstCousinOnceRemovedOf,0,496,0.0,,,
nieceOf,girlSecondCousinOf,0,496,0.0,,,
nieceOf,granddaughterOf,0,496,0.0,,,
nieceOf,grandfatherOf,0,496,0.0,,,
nieceOf,grandmotherOf,0,496,0.0,,,
nieceOf,grandsonOf,0,496,0.0,,,
nieceOf,greatAuntOf,0,496,0.0,,,
nieceOf,greatGranddaughterOf,0,496,0.0,,,
nieceOf,greatGrandfatherOf,0,496,0.0,,,
nieceOf,greatGrandmotherOf,0,496,0.0,,,
nieceOf,greatGrandsonOf,0,496,0.0,,,
nieceOf,greatUncleOf,0,496,0.0,,,
nieceOf,motherOf,0,496,0.0,,,
nieceOf,nephewOf,0,496,0.0,,,
nieceOf,nieceOf,0,496,0.0,,,
nieceOf,secondAuntOf,0,496,0.0,,,
nieceOf,secondUncleOf,0,496,0.0,,,
nieceOf,sisterOf,0,496,0.0,,,
nieceOf,sonOf,0,496,0.0,,,
secondAuntOf,auntOf,0,175,0.0,,,
secondAuntOf,boyCousinOf,0,175,0.0,,,
secondAuntOf,boySecondCousinOf,0,175,0.0,,,
secondAuntOf,brotherOf,0,175,0.0,,,
secondAuntOf,daughterOf,0,175,0.0,,,
secondAuntOf,fatherOf,0,175,0.0,,,
secondAuntOf,girlCousinOf,0,175,0.0,,,
secondAuntOf,girlSecondCousinOf,0,175,0.0,,,
secondAuntOf,granddaughterOf,0,175,0.0,,,
secondAuntOf,grandfatherOf,0,175,0.0,,,
secondAuntOf,grandmotherOf,0,175,0.0,,,
secondAuntOf,grandsonOf,0,175,0.0,,,
secondAuntOf,greatAuntOf,0,175,0.0,,,
secondAuntOf,greatGranddaughterOf,0,175,0.0,,,
secondAuntOf,greatGrandfatherOf,0,175,0.0,,,
secondAuntOf,greatGrandmotherOf,0,175,0.0,,,
secondAuntOf,greatGrandsonOf,0,175,0.0,,,
secondAuntOf,greatUncleOf,0,175,0.0,,,
secondAuntOf,motherOf,0,175,0.0,,,
secondAuntOf,nephewOf,0,175,0.0,,,
secondAuntOf,nieceOf,0,175,0.0,,,
secondAuntOf,secondAuntOf,0,175,0.0,,,
secondAuntOf,secondUncleOf,0,175,0.0,,,
secondAuntOf,sisterOf,0,175,0.0,,,
secondAuntOf,sonOf,0,175,0.0,,,
secondAuntOf,uncleOf,0,175,0.0,,,
secondUncleOf,auntOf,0,158,0.0,,,
secondUncleOf,boyCousinOf,0,158,0.0,,,
secondUncleOf,boySecondCousinOf,0,158,0.0,,,
secondUncleOf,brotherOf,0,158,0.0,,,
secondUncleOf,daughterOf,0,158,0.0,,,
secondUncleOf,fatherOf,0,158,0.0,,,
secondUncleOf,girlCousinOf,0,158,0.0,,,
secondUncleOf,girlSecondCousinOf,0,158,0.0,,,
secondUncleOf,granddaughterOf,0,158,0.0,,,
secondUncleOf,grandfatherOf,0,158,0.0,,,
secondUncleOf,grandmotherOf,0,158,0.0,,,
secondUncleOf,grandsonOf,0,158,0.0,,,
secondUncleOf,greatAuntOf,0,158,0.0,,,
secondUncleOf,greatGranddaughterOf,0,158,0.0,,,
secondUncleOf,greatGrandfatherOf,0,158,0.0,,,
secondUncleOf,greatGrandmotherOf,0,158,0.0,,,
secondUncleOf,greatGrandsonOf,0,158,0.0,,,
secondUncleOf,greatUncleOf,0,158,0.0,,,
secondUncleOf,motherOf,0,158,0.0,,,
secondUncleOf,nephewOf,0,158,0.0,,,
secondUncleOf,nieceOf,0,158,0.0,,,
secondUncleOf,secondAuntOf,0,158,0.0,,,
secondUncleOf,secondUncleOf,0,158,0.0,,,
secondUncleOf,sisterOf,0,158,0.0,,,
secondUncleOf,sonOf,0,158,0.0,,,
secondUncleOf,uncleOf,0,158,0.0,,,
sisterOf,auntOf,0,636,0.0,,,
sisterOf,boyCousinOf,0,636,0.0,,,
sisterOf,boyFirstCousinOnceRemovedOf,0,636,0.0,,,
sisterOf,boySecondCousinOf,0,636,0.0,,,
sisterOf,daughterOf,0,636,0.0,,,
sisterOf,fatherOf,0,636,0.0,,,
sisterOf,girlCousinOf,0,636,0.0,,,
sisterOf,girlFirstCousinOnceRemovedOf,0,636,0.0,,,
sisterOf,girlSecondCousinOf,0,636,0.0,,,
sisterOf,granddaughterOf,0,636,0.0,,,
sisterOf,grandfatherOf,0,636,0.0,,,
sisterOf,grandmotherOf,0,636,0.0,,,
sisterOf,grandsonOf,0,636,0.0,,,
sisterOf,greatAuntOf,0,636,0.0,,,
sisterOf,greatGranddaughterOf,0,636,0.0,,,
sisterOf,greatGrandfatherOf,0,636,0.0,,,
sisterOf,greatGrandmotherOf,0,636,0.0,,,
sisterOf,greatGrandsonOf,0,636,0.0,,,
sisterOf,greatUncleOf,0,636,0.0,,,
sisterOf,motherOf,0,636,0.0,,,
sisterOf,nephewOf,0,636,0.0,,,
sisterOf,nieceOf,0,636,0.0,,,
sisterOf,secondAuntOf,0,636,0.0,,,
sisterOf,secondUncleOf,0,636,0.0,,,
sisterOf,sonOf,0,636,0.0,,,
sisterOf,uncleOf,0,636,0.0,,,
sonOf,auntOf,0,600,0.0,,,
sonOf,boyCousinOf,0,600,0.0,,,
sonOf,boyFirstCousinOnceRemovedOf,0,600,0.0,,,
sonOf,boySecondCousinOf,0,600,0.0,,,
sonOf,brotherOf,0,600,0.0,,,
sonOf,daughterOf,0,600,0.0,,,
sonOf,girlCousinOf,0,600,0.0,,,
sonOf,girlFirstCousinOnceRemovedOf,0,600,0.0,,,
sonOf,girlSecondCousinOf,0,600,0.0,,,
sonOf,granddaughterOf,0,600,0.0,,,
sonOf,grandfatherOf,0,600,0.0,,,
sonOf,grandmotherOf,0,600,0.0,,,
sonOf,grandsonOf,0,600,0.0,,,
sonOf,greatAuntOf,0,600,0.0,,,
sonOf,greatGranddaughterOf,0,600,0.0,,,
sonOf,greatGrandfatherOf,0,600,0.0,,,
sonOf,greatGrandmotherOf,0,600,0.0,,,
sonOf,greatGrandsonOf,0,600,0.0,,,
sonOf,greatUncleOf,0,600,0.0,,,
sonOf,nephewOf,0,600,0.0,,,
sonOf,nieceOf,0,600,0.0,,,
sonOf,secondAuntOf,0,600,0.0,,,
sonOf,secondUncleOf,0,600,0.0,,,
sonOf,sisterOf,0,600,0.0,,,
sonOf,sonOf,0,600,0.0,,,
sonOf,uncleOf,0,600,0.0,,,
uncleOf,auntOf,0,454,0.0,,,
uncleOf,boyCousinOf,0,454,0.0,,,
uncleOf,boyFirstCousinOnceRemovedOf,0,454,0.0,,,
uncleOf,boySecondCousinOf,0,454,0.0,,,
uncleOf,brotherOf,0,454,0.0,,,
uncleOf,daughterOf,0,454,0.0,,,
uncleOf,fatherOf,0,454,0.0,,,
uncleOf,girlCousinOf,0,454,0.0,,,
uncleOf,girlFirstCousinOnceRemovedOf,0,454,0.0,,,
uncleOf,girlSecondCousinOf,0,454,0.0,,,
uncleOf,granddaughterOf,0,454,0.0,,,
uncleOf,grandfatherOf,0,454,0.0,,,
uncleOf,grandmotherOf,0,454,0.0,,,
uncleOf,grandsonOf,0,454,0.0,,,
uncleOf,greatAuntOf,0,454,0.0,,,
uncleOf,greatGranddaughterOf,0,454,0.0,,,
uncleOf,greatGrandfatherOf,0,454,0.0,,,
uncleOf,greatGrandmotherOf,0,454,0.0,,,
uncleOf,greatGrandsonOf,0,454,0.0,,,
uncleOf,greatUncleOf,0,454,0.0,,,
uncleOf,motherOf,0,454,0.0,,,
uncleOf,secondAuntOf,0,454,0.0,,,
uncleOf,secondUncleOf,0,454,0.0,,,
uncleOf,sisterOf,0,454,0.0,,,
uncleOf,sonOf,0,454,0.0,,,
uncleOf,uncleOf,0,454,0.0,,,
