person_id,gender,gender_confidence,gender_female_weight,gender_male_weight,generation,num_mothers,num_fathers,num_children,num_siblings,degree,out_degree,in_degree,has_anomalies,anomaly_count,anomaly_types,is_leaf,is_founder
anna1000,F,1.0,48,0,3,1,1,2,0,31,16,15,False,0,,False,False
anastasia1101,F,1.0,12,0,2,1,1,1,0,8,4,4,False,0,,False,False
amelie364,F,1.0,3,0,1,0,0,1,0,2,1,1,False,0,,False,True
jonathan349,M,1.0,0,18,5,0,0,1,0,13,6,7,False,0,,False,True
mia413,F,1.0,9,0,3,0,0,1,0,6,3,3,False,0,,False,True
luisa791,F,1.0,34,0,2,1,1,1,2,28,12,16,False,0,,False,False
samuel412,M,1.0,0,36,3,1,1,0,1,19,12,7,False,0,,True,False
michael939,M,1.0,0,30,2,1,1,0,1,26,12,14,False,0,,True,False
marie1103,F,1.0,12,0,3,0,0,1,0,7,4,3,False,0,,False,True
jan429,M,1.0,0,48,3,0,0,0,1,30,16,14,False,0,,True,True
theodor1029,M,1.0,0,57,2,1,1,5,3,33,19,14,False,0,,False,False
elena1074,F,1.0,43,0,1,1,1,0,0,33,15,18,False,0,,True,False
sofia1269,F,1.0,44,0,0,1,1,0,3,36,16,20,False,0,,True,False
vincent79,M,1.0,0,36,4,0,0,1,0,25,12,13,False,0,,False,True
helga917,F,1.0,30,0,3,1,1,0,1,15,10,5,False,0,,True,False
philipp1031,M,1.0,0,55,1,1,1,1,3,41,20,21,False,0,,False,False
lea937,F,1.0,34,0,3,1,1,2,0,23,12,11,False,0,,False,False
valerie369,F,1.0,47,0,3,0,0,1,4,29,16,13,False,0,,False,True
david387,M,1.0,0,3,4,0,0,1,0,2,1,1,False,0,,False,True
sofia191,F,1.0,30,0,5,0,0,2,0,21,10,11,False,0,,False,True
christian689,M,1.0,0,24,3,0,0,4,0,16,8,8,False,0,,False,True
sebastian1250,M,1.0,0,18,6,0,0,1,0,12,6,6,False,0,,False,True
isabella621,F,1.0,12,0,3,0,0,1,0,8,4,4,False,0,,False,True
emma951,F,1.0,12,0,3,0,0,1,0,8,4,4,False,0,,False,True
tobias384,M,1.0,0,50,3,1,1,0,4,32,17,15,False,0,,True,False
sophie373,F,1.0,49,0,2,1,1,0,1,37,17,20,False,0,,True,False
oskar407,M,1.0,0,9,2,1,1,1,0,7,3,4,False,0,,False,False
lara1190,F,1.0,51,0,1,1,1,1,1,36,18,18,False,0,,False,False
magdalena1044,F,1.0,62,0,1,1,1,0,4,45,22,23,False,0,,True,False
elias1064,M,1.0,0,38,1,1,1,1,1,28,13,15,False,0,,False,False
jonathan750,M,1.0,0,28,0,1,1,0,1,23,10,13,False,0,,True,False
maximilian916,M,1.0,0,34,0,1,1,0,0,28,13,15,False,0,,True,False
patrick411,M,1.0,0,39,3,1,1,0,2,21,13,8,False,0,,True,False
gertrude596,F,1.0,27,0,4,1,1,1,1,16,9,7,False,0,,False,False
christian1276,M,1.0,0,27,4,0,0,2,0,18,9,9,False,0,,False,True
konstantin824,M,1.0,0,24,4,1,1,1,0,16,8,8,False,0,,False,False
jonas419,M,1.0,0,54,1,0,0,0,1,39,19,20,False,0,,True,True
vanessa570,F,1.0,44,0,1,1,1,0,1,32,16,16,False,0,,True,False
helga707,F,1.0,42,0,2,1,1,0,3,27,14,13,False,0,,True,False
lara1244,F,1.0,47,0,3,1,1,4,0,29,16,13,False,0,,False,False
alina1124,F,1.0,30,0,2,1,1,0,1,16,10,6,False,0,,True,False
olivia1054,F,1.0,30,0,4,0,0,3,0,17,10,7,False,0,,False,True
ella255,F,1.0,9,0,5,0,0,1,0,6,3,3,False,0,,False,True
helena961,F,1.0,6,0,2,0,0,2,0,4,2,2,False,0,,False,True
philipp958,M,1.0,0,39,2,1,1,2,0,30,14,16,False,0,,False,False
gabriel186,M,1.0,0,15,2,0,0,3,0,11,5,6,False,0,,False,True
rene765,M,1.0,0,46,2,1,1,2,4,33,16,17,False,0,,False,False
adam198,M,1.0,0,36,0,1,1,0,1,25,12,13,False,0,,True,False
angelina1002,F,1.0,51,0,2,1,1,3,1,30,17,13,False,0,,False,False
julia561,F,1.0,36,0,4,0,0,1,0,24,12,12,False,0,,False,True
victoria1215,F,1.0,18,0,3,0,0,5,0,12,6,6,False,0,,False,True
isabella103,F,1.0,51,0,2,0,0,0,2,33,18,15,False,0,,True,True
emma936,F,1.0,9,0,4,0,0,1,0,5,3,2,False,0,,False,True
charlotte60,F,1.0,30,0,5,0,0,2,0,21,10,11,False,0,,False,True
alina123,F,1.0,30,0,0,0,0,0,1,22,11,11,False,0,,True,True
johanna389,F,1.0,6,0,2,0,0,1,0,5,2,3,False,0,,False,True
natalie1313,F,1.0,30,0,4,1,1,0,1,16,10,6,False,0,,True,False
natalie922,F,1.0,27,0,3,1,1,4,0,15,9,6,False,0,,False,False
karin651,F,1.0,6,0,2,0,0,1,0,4,2,2,False,0,,False,True
magdalena430,F,1.0,21,0,6,0,0,1,0,15,7,8,False,0,,False,True
luisa590,F,1.0,3,0,2,0,0,1,0,2,1,1,False,0,,False,True
maria152,F,1.0,51,0,2,1,1,0,2,30,17,13,False,0,,True,False
lina280,F,1.0,9,0,3,0,0,1,0,6,3,3,False,0,,False,True
helena324,F,1.0,51,0,1,1,1,0,4,34,17,17,False,0,,True,False
tobias713,M,1.0,0,48,1,1,1,1,1,38,17,21,False,0,,False,False
matthias496,M,1.0,0,36,0,0,0,0,1,28,13,15,False,0,,True,True
alexander325,M,1.0,0,3,1,0,0,1,0,2,1,1,False,0,,False,True
vincent21,M,1.0,0,6,2,0,0,1,0,5,2,3,False,0,,False,True
katharina266,F,1.0,27,0,3,1,1,2,0,19,9,10,False,0,,False,False
matthias1217,M,1.0,0,24,3,0,0,4,0,16,8,8,False,0,,False,True
jonathan256,M,1.0,0,9,5,0,0,1,0,6,3,3,False,0,,False,True
luis868,M,1.0,0,39,2,1,1,1,3,23,13,10,False,0,,False,False
luisa420,F,1.0,21,0,4,0,0,1,1,13,7,6,False,0,,False,True
adam892,M,1.0,0,6,2,0,0,1,0,4,2,2,False,0,,False,True
hannah118,F,1.0,42,0,2,1,1,0,0,31,15,16,False,0,,True,False
luisa531,F,1.0,27,0,4,1,1,1,0,19,9,10,False,0,,False,False
lina209,F,1.0,3,0,3,0,0,1,0,2,1,1,False,0,,False,True
mia393,F,1.0,21,0,0,1,1,0,0,14,7,7,False,0,,True,False
elias1186,M,1.0,0,42,3,1,1,5,0,29,14,15,False,0,,False,False
jonas747,M,1.0,0,18,5,0,0,2,0,12,6,6,False,0,,False,True
anastasia246,F,1.0,18,0,2,1,1,1,0,12,6,6,False,0,,False,False
marcel1266,M,1.0,0,54,2,1,1,3,3,37,18,19,False,0,,False,False
amelie1211,F,1.0,45,0,4,0,0,2,0,28,15,13,False,0,,False,True
stefan677,M,1.0,0,36,3,1,1,1,2,21,12,9,False,0,,False,False
vincent848,M,1.0,0,37,1,1,1,1,1,30,13,17,False,0,,False,False
oliver71,M,1.0,0,42,2,1,1,0,2,32,15,17,False,0,,True,False
luisa268,F,1.0,33,0,3,1,1,0,2,18,11,7,False,0,,True,False
hannah526,F,1.0,24,0,3,1,1,2,0,17,8,9,False,0,,False,False
patrick652,M,1.0,0,12,2,1,1,1,0,8,4,4,False,0,,False,False
alina957,F,1.0,9,0,3,0,0,1,0,6,3,3,False,0,,False,True
tobias698,M,1.0,0,39,1,1,1,0,1,30,14,16,False,0,,True,False
stefan890,M,1.0,0,32,0,1,1,0,2,28,12,16,False,0,,True,False
theodor816,M,1.0,0,60,2,1,1,3,2,42,20,22,False,0,,False,False
elias149,M,1.0,0,3,1,0,0,1,0,2,1,1,False,0,,False,True
dominik2,M,1.0,0,27,2,1,1,4,0,19,9,10,False,0,,False,False
selina1013,F,1.0,49,0,1,1,1,0,2,37,18,19,False,0,,True,False
vincent704,M,1.0,0,27,0,1,1,0,1,24,10,14,False,0,,True,False
natalie89,F,1.0,48,0,1,0,0,1,1,35,18,17,False,0,,False,True
maria38,F,1.0,9,0,1,1,1,1,0,7,3,4,False,0,,False,False
emilia1288,F,1.0,54,0,2,1,1,0,3,29,18,11,False,0,,True,False
jonas942,M,1.0,0,3,1,0,0,1,0,2,1,1,False,0,,False,True
thomas1091,M,1.0,0,15,1,1,1,2,0,11,5,6,False,0,,False,False
nico4,M,1.0,0,52,0,0,0,0,2,39,19,20,False,0,,True,True
florian754,M,1.0,0,27,0,1,1,0,0,23,10,13,False,0,,True,False
benjamin336,M,1.0,0,45,0,0,0,0,1,30,16,14,False,0,,True,True
valentina1303,F,1.0,3,0,2,0,0,1,0,1,1,0,False,0,,False,True
luca631,M,1.0,0,42,3,0,0,2,0,29,14,15,False,0,,False,True
oskar788,M,1.0,0,54,4,1,1,2,4,37,18,19,False,0,,False,False
tobias1292,M,1.0,0,48,3,1,1,3,2,27,16,11,False,0,,False,False
beate1302,F,1.0,36,0,1,1,1,1,1,30,14,16,False,0,,False,False
jonas421,M,1.0,0,36,4,0,0,1,3,23,12,11,False,0,,False,True
adrian856,M,1.0,0,3,2,0,0,1,0,2,1,1,False,0,,False,True
emily264,F,1.0,27,0,4,0,0,2,0,19,9,10,False,0,,False,True
lea1165,F,1.0,40,0,0,1,1,0,0,32,14,18,False,0,,True,False
samuel780,M,1.0,0,9,3,0,0,1,0,6,3,3,False,0,,False,True
amelie62,F,1.0,27,0,5,0,0,1,0,18,9,9,False,0,,False,True
emil607,M,1.0,0,36,3,0,0,2,0,25,12,13,False,0,,False,True
victoria1159,F,1.0,21,0,2,1,1,2,2,15,7,8,False,0,,False,False
anastasia1188,F,1.0,51,0,2,1,1,1,4,32,17,15,False,0,,False,False
anna1166,F,1.0,21,0,3,0,0,3,0,11,7,4,False,0,,False,True
fabian715,M,1.0,0,36,4,1,1,4,0,25,12,13,False,0,,False,False
marie466,F,1.0,3,0,1,0,0,1,0,2,1,1,False,0,,False,True
marko361,M,1.0,0,26,3,1,1,0,1,18,9,9,False,0,,True,False
sebastian628,M,1.0,0,51,2,0,0,0,2,29,17,12,False,0,,True,True
natalie838,F,1.0,60,0,2,1,1,0,2,39,20,19,False,0,,True,False
rene1258,M,1.0,0,3,1,0,0,1,0,2,1,1,False,0,,False,True
alina173,F,1.0,18,0,6,0,0,1,0,13,6,7,False,0,,False,True
moritz993,M,1.0,0,35,2,1,1,0,0,27,13,14,False,0,,True,False
nina456,F,1.0,3,0,2,0,0,1,0,3,1,2,False,0,,False,True
charlotte706,F,1.0,33,0,3,1,1,0,1,18,11,7,False,0,,True,False
dominik1227,M,1.0,0,50,2,1,1,0,4,37,18,19,False,0,,True,False
florian471,M,1.0,0,18,5,0,0,1,0,12,6,6,False,0,,False,True
ella339,F,1.0,9,0,2,0,0,1,0,6,3,3,False,0,,False,True
marko1315,M,1.0,0,20,0,1,1,0,0,16,7,9,False,0,,True,False
emil135,M,1.0,0,45,3,1,1,2,0,31,15,16,False,0,,False,False
helena661,F,1.0,41,0,1,1,1,0,2,32,14,18,False,0,,True,False
nina1221,F,1.0,52,0,2,1,1,2,3,37,19,18,False,0,,False,False
helena301,F,1.0,57,0,1,0,0,0,3,39,20,19,False,0,,True,True
sophie282,F,1.0,12,0,4,0,0,1,0,8,4,4,False,0,,False,True
noah501,M,1.0,0,6,1,0,0,2,0,5,2,3,False,0,,False,True
felix731,M,1.0,0,24,0,1,1,0,0,18,8,10,False,0,,True,False
emily1312,F,1.0,48,0,3,1,1,0,2,28,16,12,False,0,,True,False
jakob835,M,1.0,0,33,0,1,1,0,2,25,11,14,False,0,,True,False
valerie963,F,1.0,27,0,5,0,0,3,0,15,9,6,False,0,,False,True
sofia738,F,1.0,18,0,2,0,0,3,0,12,6,6,False,0,,False,True
matthias270,M,1.0,0,39,1,1,1,1,0,30,14,16,False,0,,False,False
valerie1138,F,1.0,21,0,4,0,0,2,0,12,7,5,False,0,,False,True
julian238,M,1.0,0,15,4,1,1,1,0,10,5,5,False,0,,False,False
gabriel1071,M,1.0,0,20,0,1,1,0,0,18,7,11,False,0,,True,False
elias46,M,1.0,0,9,5,0,0,1,0,6,3,3,False,0,,False,True
sofia487,F,1.0,9,0,1,1,1,1,0,7,3,4,False,0,,False,False
ella153,F,1.0,33,0,4,0,0,1,0,22,11,11,False,0,,False,True
emma1023,F,1.0,6,0,2,0,0,1,0,3,2,1,False,0,,False,True
laura179,F,1.0,3,0,1,0,0,1,0,2,1,1,False,0,,False,True
laura308,F,1.0,54,0,1,1,1,0,0,41,20,21,False,0,,True,False
anna842,F,1.0,30,0,4,0,0,3,0,20,10,10,False,0,,False,True
emilia365,F,1.0,33,0,0,1,1,0,0,25,12,13,False,0,,True,False
marko180,M,1.0,0,24,0,1,1,0,0,17,8,9,False,0,,True,False
isabella11,F,1.0,60,0,1,1,1,0,4,42,21,21,False,0,,True,False
nora944,F,1.0,30,0,2,1,1,0,1,26,12,14,False,0,,True,False
lena641,F,1.0,45,0,1,0,0,0,3,32,17,15,False,0,,True,True
gertrude637,F,1.0,15,0,1,1,1,1,0,10,5,5,False,0,,False,False
elena722,F,1.0,26,0,1,1,1,0,0,24,10,14,False,0,,True,False
marlene86,F,1.0,48,0,2,1,1,1,2,35,17,18,False,0,,False,False
lara150,F,1.0,37,0,0,1,1,0,0,32,15,17,False,0,,True,False
fabian636,M,1.0,0,45,1,1,1,1,3,34,17,17,False,0,,False,False
julian508,M,1.0,0,32,0,1,1,0,2,24,11,13,False,0,,True,False
leonie975,F,1.0,36,0,3,1,1,1,3,23,12,11,False,0,,False,False
noah557,M,1.0,0,51,2,1,1,0,4,35,17,18,False,0,,True,False
stefan991,M,1.0,0,28,0,1,1,0,0,22,10,12,False,0,,True,False
noah1194,M,1.0,0,9,2,0,0,2,0,4,3,1,False,0,,False,True
marie139,F,1.0,49,0,1,1,1,1,1,36,18,18,False,0,,False,False
sebastian964,M,1.0,0,27,5,0,0,3,0,18,9,9,False,0,,False,True
raphael642,M,1.0,0,9,2,0,0,2,0,7,3,4,False,0,,False,True
clara144,F,1.0,33,0,3,1,1,1,0,22,11,11,False,0,,False,False
paula229,F,1.0,57,0,1,0,0,0,2,39,20,19,False,0,,True,True
olivia1043,F,1.0,62,0,1,1,1,1,4,44,22,22,False,0,,False,False
leo1088,M,1.0,0,46,1,1,1,1,4,33,16,17,False,0,,False,False
florian857,M,1.0,0,36,1,1,1,0,0,30,13,17,False,0,,True,False
helena1099,F,1.0,36,0,1,1,1,0,0,29,14,15,False,0,,True,False
maria839,F,1.0,18,0,5,0,0,1,0,11,6,5,False,0,,False,True
magdalena59,F,1.0,57,0,2,1,1,0,2,41,20,21,False,0,,True,False
matthias612,M,1.0,0,24,2,1,1,3,0,17,8,9,False,0,,False,False
marlene447,F,1.0,33,0,4,0,0,1,0,22,11,11,False,0,,False,True
alina32,F,1.0,18,0,4,0,0,1,0,12,6,6,False,0,,False,True
christian1226,M,1.0,0,36,5,0,0,1,0,24,12,12,False,0,,False,True
ella45,F,1.0,9,0,5,0,0,1,0,6,3,3,False,0,,False,True
nora594,F,1.0,31,0,0,1,1,0,0,23,11,12,False,0,,True,False
gabriel333,M,1.0,0,3,1,0,0,1,0,3,1,2,False,0,,False,True
mia1127,F,1.0,15,0,3,1,1,0,2,10,5,5,False,0,,True,False
stefan454,M,1.0,0,54,2,1,1,1,3,35,18,17,False,0,,False,False
magdalena639,F,1.0,45,0,1,1,1,0,3,34,17,17,False,0,,True,False
raphael1160,M,1.0,0,41,1,1,1,1,1,29,14,15,False,0,,False,False
vincent372,M,1.0,0,45,4,1,1,4,3,31,15,16,False,0,,False,False
selina475,F,1.0,39,0,4,1,1,1,1,26,13,13,False,0,,False,False
luis68,M,1.0,0,15,4,0,0,1,0,10,5,5,False,0,,False,True
alexander195,M,1.0,0,49,3,0,0,0,2,28,17,11,False,0,,True,True
elias830,M,1.0,0,12,2,0,0,1,0,8,4,4,False,0,,False,True
lukas51,M,1.0,0,3,1,0,0,1,0,2,1,1,False,0,,False,True
elena822,F,1.0,33,0,0,1,1,0,2,25,11,14,False,0,,True,False
christian510,M,1.0,0,12,4,0,0,2,0,8,4,4,False,0,,False,True
ella473,F,1.0,48,0,3,1,1,4,0,33,16,17,False,0,,False,False
sarah390,F,1.0,28,0,1,0,0,0,1,22,10,12,False,0,,True,True
florian443,M,1.0,0,21,3,0,0,0,2,11,7,4,False,0,,True,True
karin41,F,1.0,9,0,5,0,0,1,0,6,3,3,False,0,,False,True
sophie455,F,1.0,57,0,2,1,1,1,3,36,19,17,False,0,,False,False
hannah509,F,1.0,27,0,4,0,0,2,2,16,9,7,False,0,,False,True
nora766,F,1.0,48,0,3,1,1,2,1,27,16,11,False,0,,False,False
sophie1289,F,1.0,42,0,0,1,1,0,1,36,16,20,False,0,,True,False
florian1274,M,1.0,0,44,0,1,1,0,3,36,16,20,False,0,,True,False
elena388,F,1.0,40,0,3,1,1,0,0,30,15,15,False,0,,True,False
marcel154,M,1.0,0,33,4,0,0,1,0,22,11,11,False,0,,False,True
thomas218,M,1.0,0,3,2,0,0,1,0,2,1,1,False,0,,False,True
adrian330,M,1.0,0,51,0,0,0,0,1,34,18,16,False,0,,True,True
marko660,M,1.0,0,42,3,1,1,1,2,29,14,15,False,0,,False,False
emilia1308,F,1.0,30,0,5,0,0,2,0,18,10,8,False,0,,False,True
leo1304,M,1.0,0,33,1,1,1,0,0,29,13,16,False,0,,True,False
adrian213,M,1.0,0,30,3,1,1,2,0,21,10,11,False,0,,False,False
anna258,F,1.0,15,0,3,0,0,1,0,10,5,5,False,0,,False,True
david858,M,1.0,0,37,1,1,1,0,1,30,13,17,False,0,,True,False
moritz821,M,1.0,0,12,1,1,1,3,0,9,4,5,False,0,,False,False
elias950,M,1.0,0,52,3,1,1,1,1,34,18,16,False,0,,False,False
amelie277,F,1.0,33,0,3,0,0,0,2,16,11,5,False,0,,True,True
noah356,M,1.0,0,12,5,0,0,1,0,8,4,4,False,0,,False,True
adrian397,M,1.0,0,12,2,0,0,2,0,9,4,5,False,0,,False,True
magdalena1236,F,1.0,50,0,2,1,1,0,4,37,18,19,False,0,,True,False
julia863,F,1.0,50,0,2,1,1,0,2,34,17,17,False,0,,True,False
oliver988,M,1.0,0,36,3,1,1,1,3,21,12,9,False,0,,False,False
julia699,F,1.0,39,0,1,1,1,2,1,28,14,14,False,0,,False,False
adam474,M,1.0,0,33,3,0,0,4,0,23,11,12,False,0,,False,True
amelie610,F,1.0,53,0,1,1,1,0,2,39,19,20,False,0,,True,False
helena1070,F,1.0,3,0,1,0,0,1,0,2,1,1,False,0,,False,True
paul294,M,1.0,0,12,2,0,0,3,0,9,4,5,False,0,,False,True
julian469,M,1.0,0,39,4,1,1,1,0,26,13,13,False,0,,False,False
oliver1295,M,1.0,0,48,2,1,1,2,1,36,17,19,False,0,,False,False
sophie694,F,1.0,33,0,4,0,0,2,0,20,11,9,False,0,,False,True
claudia69,F,1.0,57,0,2,0,0,1,2,40,20,20,False,0,,False,True
sophie753,F,1.0,3,0,1,0,0,1,0,2,1,1,False,0,,False,True
marie1046,F,1.0,21,0,3,0,0,1,0,13,7,6,False,0,,False,True
selina10,F,1.0,60,0,1,1,1,0,4,42,21,21,False,0,,True,False
gertrude378,F,1.0,50,0,3,1,1,0,4,32,17,15,False,0,,True,False
anna1287,F,1.0,44,0,0,1,1,0,3,36,16,20,False,0,,True,False
mia595,F,1.0,44,0,3,1,1,0,2,25,15,10,False,0,,True,False
olivia274,F,1.0,24,0,4,0,0,1,0,16,8,8,False,0,,False,True
raphael362,M,1.0,0,26,3,1,1,0,1,18,9,9,False,0,,True,False
valerie96,F,1.0,3,0,1,0,0,1,0,2,1,1,False,0,,False,True
johanna331,F,1.0,9,0,5,0,0,1,0,7,3,4,False,0,,False,True
angelina1059,F,1.0,54,0,2,1,1,0,3,37,18,19,False,0,,True,False
leonie1204,F,1.0,51,0,2,1,1,0,4,32,17,15,False,0,,True,False
anastasia533,F,1.0,21,0,5,0,0,2,0,14,7,7,False,0,,False,True
jonathan846,M,1.0,0,50,2,1,1,2,2,33,17,16,False,0,,False,False
benjamin534,M,1.0,0,21,5,0,0,2,0,14,7,7,False,0,,False,True
laura869,F,1.0,39,0,3,0,0,4,0,22,13,9,False,0,,False,True
paula1193,F,1.0,9,0,2,0,0,2,0,6,3,3,False,0,,False,True
luis249,M,1.0,0,15,5,0,0,1,0,10,5,5,False,0,,False,True
lea640,F,1.0,45,0,2,0,0,2,2,27,15,12,False,0,,False,True
luisa122,F,1.0,3,0,1,0,0,1,0,3,1,2,False,0,,False,True
jonas170,M,1.0,0,9,4,0,0,1,0,6,3,3,False,0,,False,True
luis360,M,1.0,0,6,4,0,0,2,0,4,2,2,False,0,,False,True
valentina566,F,1.0,51,0,1,0,0,0,2,34,18,16,False,0,,True,True
leon181,M,1.0,0,24,5,0,0,0,1,10,8,2,False,0,,True,True
thomas42,M,1.0,0,9,5,0,0,1,0,6,3,3,False,0,,False,True
magdalena967,F,1.0,27,0,4,1,1,0,2,17,9,8,False,0,,True,False
lisa90,F,1.0,9,0,2,0,0,2,0,6,3,3,False,0,,False,True
david20,M,1.0,0,27,3,0,0,1,0,18,9,9,False,0,,False,True
vincent792,M,1.0,0,34,2,1,1,0,2,28,12,16,False,0,,True,False
jonas61,M,1.0,0,30,5,0,0,2,0,21,10,11,False,0,,False,True
magdalena866,F,1.0,18,0,5,0,0,1,0,11,6,5,False,0,,False,True
thomas860,M,1.0,0,6,2,0,0,1,0,4,2,2,False,0,,False,True
lea1050,F,1.0,57,0,2,1,1,0,3,37,19,18,False,0,,True,False
natalie151,F,1.0,47,0,0,1,1,0,1,36,17,19,False,0,,True,False
victoria30,F,1.0,18,0,2,0,0,3,0,13,6,7,False,0,,False,True
samuel538,M,1.0,0,12,3,0,0,1,0,8,4,4,False,0,,False,True
selina774,F,1.0,48,0,1,1,1,0,1,38,18,20,False,0,,True,False
konstantin1104,M,1.0,0,12,3,0,0,1,0,8,4,4,False,0,,False,True
marko928,M,1.0,0,33,4,1,1,1,1,19,11,8,False,0,,False,False
oskar563,M,1.0,0,3,2,0,0,1,0,2,1,1,False,0,,False,True
maria1224,F,1.0,52,0,2,1,1,0,3,38,19,19,False,0,,True,False
charlotte1097,F,1.0,41,0,0,1,1,0,0,33,15,18,False,0,,True,False
jonas23,M,1.0,0,51,1,0,0,1,1,36,19,17,False,0,,False,True
angelina1220,F,1.0,50,0,2,1,1,1,4,37,18,19,False,0,,False,False
claudia1300,F,1.0,35,0,1,1,1,0,0,31,14,17,False,0,,True,False
marie555,F,1.0,33,0,3,0,0,4,0,23,11,12,False,0,,False,True
maximilian498,M,1.0,0,9,2,0,0,1,0,6,3,3,False,0,,False,True
luis773,M,1.0,0,9,2,1,1,2,0,5,3,2,False,0,,False,False
emma683,F,1.0,24,0,2,1,1,3,3,14,8,6,False,0,,False,False
ella19,F,1.0,27,0,3,0,0,1,0,18,9,9,False,0,,False,True
alina371,F,1.0,27,0,4,0,0,4,0,19,9,10,False,0,,False,True
marcel1183,M,1.0,0,6,3,0,0,1,0,4,2,2,False,0,,False,True
benjamin1079,M,1.0,0,27,3,0,0,1,0,17,9,8,False,0,,False,True
angelina680,F,1.0,3,0,3,0,0,1,0,2,1,1,False,0,,False,True
jonathan918,M,1.0,0,15,2,1,1,0,1,10,5,5,False,0,,True,False
felix245,M,1.0,0,27,4,1,1,2,0,18,9,9,False,0,,False,False
nico1231,M,1.0,0,3,2,0,0,1,0,1,1,0,False,0,,False,True
paula1026,F,1.0,48,0,3,1,1,4,0,29,16,13,False,0,,False,False
lukas269,M,1.0,0,6,2,0,0,1,0,4,2,2,False,0,,False,True
jakob984,M,1.0,0,44,1,1,1,1,1,35,16,19,False,0,,False,False
olivia0,F,1.0,57,0,1,0,0,2,4,39,20,19,False,0,,False,True
fabian908,M,1.0,0,15,3,0,0,2,0,10,5,5,False,0,,False,True
thomas486,M,1.0,0,46,1,1,1,0,1,32,16,16,False,0,,True,False
jakob729,M,1.0,0,27,5,0,0,1,0,18,9,9,False,0,,False,True
sarah1305,F,1.0,36,0,1,1,1,0,1,31,14,17,False,0,,True,False
vanessa1200,F,1.0,29,0,0,1,1,0,1,27,11,16,False,0,,True,False
oskar1125,M,1.0,0,45,1,1,1,0,2,31,15,16,False,0,,True,False
stefan527,M,1.0,0,48,2,0,0,1,2,32,16,16,False,0,,False,True
gabriel146,M,1.0,0,61,1,1,1,1,4,43,21,22,False,0,,False,False
emily102,F,1.0,48,0,1,1,1,0,1,37,18,19,False,0,,True,False
selina319,F,1.0,33,0,3,0,0,1,0,22,11,11,False,0,,False,True
patrick883,M,1.0,0,9,1,0,0,3,0,6,3,3,False,0,,False,True
elena1153,F,1.0,29,0,1,1,1,0,1,22,10,12,False,0,,True,False
philipp70,M,1.0,0,36,4,1,1,0,2,18,12,6,False,0,,True,False
matthias1078,M,1.0,0,6,3,0,0,1,0,4,2,2,False,0,,False,True
vanessa783,F,1.0,42,0,1,1,1,0,1,34,16,18,False,0,,True,False
jonathan307,M,1.0,0,3,2,0,0,1,0,2,1,1,False,0,,False,True
matthias899,M,1.0,0,45,2,1,1,2,1,26,15,11,False,0,,False,False
larissa1020,F,1.0,6,0,1,1,1,1,0,4,2,2,False,0,,False,False
fabian386,M,1.0,0,50,3,1,1,0,4,32,17,15,False,0,,True,False
sebastian720,M,1.0,0,40,2,1,1,1,1,28,14,14,False,0,,False,False
leo1145,M,1.0,0,15,3,0,0,1,0,10,5,5,False,0,,False,True
marlene692,F,1.0,24,0,2,1,1,0,3,17,8,9,False,0,,True,False
sarah893,F,1.0,15,0,2,1,1,0,2,11,5,6,False,0,,True,False
mia175,F,1.0,9,0,3,0,0,1,0,7,3,4,False,0,,False,True
emilia161,F,1.0,21,0,5,0,0,1,0,14,7,7,False,0,,False,True
daniel114,M,1.0,0,27,5,0,0,1,0,19,9,10,False,0,,False,True
oskar24,M,1.0,0,60,1,1,1,0,4,42,21,21,False,0,,True,False
nico997,M,1.0,0,27,1,1,1,0,0,26,11,15,False,0,,True,False
rene58,M,1.0,0,48,3,0,0,3,1,29,16,13,False,0,,False,True
valentina880,F,1.0,15,0,2,0,0,2,0,8,5,3,False,0,,False,True
daniel311,M,1.0,0,39,4,0,0,1,0,26,13,13,False,0,,False,True
sarah605,F,1.0,33,0,4,0,0,1,0,23,11,12,False,0,,False,True
marie687,F,1.0,42,0,2,1,1,0,3,27,14,13,False,0,,True,False
dominik1036,M,1.0,0,62,1,1,1,0,4,45,22,23,False,0,,True,False
maria295,F,1.0,57,0,1,1,1,1,3,41,20,21,False,0,,False,False
felix1172,M,1.0,0,12,2,0,0,3,0,8,4,4,False,0,,False,True
claudia579,F,1.0,27,0,3,0,0,2,0,18,9,9,False,0,,False,True
felix441,M,1.0,0,15,4,0,0,2,0,11,5,6,False,0,,False,True
lena434,F,1.0,48,0,2,0,0,0,1,33,16,17,False,0,,True,True
sofia502,F,1.0,33,0,2,1,1,1,2,22,11,11,False,0,,False,False
philipp1198,M,1.0,0,6,2,0,0,2,0,4,2,2,False,0,,False,True
benjamin200,M,1.0,0,9,2,0,0,1,0,6,3,3,False,0,,False,True
theodor1203,M,1.0,0,9,1,1,1,0,1,7,3,4,False,0,,True,False
adam1281,M,1.0,0,54,2,1,1,0,3,29,18,11,False,0,,True,False
mia823,F,1.0,21,0,4,0,0,1,0,14,7,7,False,0,,False,True
noah855,M,1.0,0,30,3,1,1,0,2,18,10,8,False,0,,True,False
maximilian828,M,1.0,0,42,1,1,1,0,2,30,14,16,False,0,,True,False
matthias844,M,1.0,0,30,3,1,1,1,2,18,10,8,False,0,,False,False
gabriel708,M,1.0,0,18,3,1,1,2,0,11,6,5,False,0,,False,False
leo485,M,1.0,0,12,3,0,0,1,0,8,4,4,False,0,,False,True
selina659,F,1.0,18,0,3,0,0,1,0,11,6,5,False,0,,False,True
valentin1113,M,1.0,0,33,2,1,1,3,0,23,11,12,False,0,,False,False
sophie787,F,1.0,21,0,4,0,0,2,0,12,7,5,False,0,,False,True
paul167,M,1.0,0,21,5,0,0,1,0,14,7,7,False,0,,False,True
vincent1261,M,1.0,0,33,4,1,1,0,2,19,11,8,False,0,,True,False
nora66,F,1.0,36,0,4,1,1,0,2,18,12,6,False,0,,True,False
emilia497,F,1.0,9,0,2,0,0,1,0,6,3,3,False,0,,False,True
isabella442,F,1.0,27,0,5,1,1,0,1,16,9,7,False,0,,True,False
karin593,F,1.0,3,0,1,0,0,1,0,2,1,1,False,0,,False,True
raphael289,M,1.0,0,48,3,0,0,4,1,31,16,15,False,0,,False,True
michael672,M,1.0,0,18,4,0,0,2,0,12,6,6,False,0,,False,True
jonathan930,M,1.0,0,24,4,0,0,1,0,16,8,8,False,0,,False,True
fabian520,M,1.0,0,3,4,0,0,1,0,2,1,1,False,0,,False,True
vanessa276,F,1.0,42,0,2,0,0,1,2,26,14,12,False,0,,False,True
leon565,M,1.0,0,12,2,1,1,2,0,9,4,5,False,0,,False,False
noah786,M,1.0,0,46,2,1,1,0,4,33,16,17,False,0,,True,False
jan902,M,1.0,0,43,1,1,1,0,3,32,15,17,False,0,,True,False
helga315,F,1.0,48,0,1,0,0,1,4,31,16,15,False,0,,False,True
luisa460,F,1.0,6,0,2,0,0,1,0,4,2,2,False,0,,False,True
clara1154,F,1.0,30,0,2,1,1,0,1,19,10,9,False,0,,True,False
julia1307,F,1.0,46,0,2,1,1,1,2,33,16,17,False,0,,False,False
christian572,M,1.0,0,12,3,0,0,1,0,8,4,4,False,0,,False,True
leonie1016,F,1.0,42,0,0,1,1,0,1,34,16,18,False,0,,True,False
marlene1081,F,1.0,27,0,2,1,1,5,0,14,9,5,False,0,,False,False
paula716,F,1.0,39,0,3,1,1,0,3,24,13,11,False,0,,True,False
anna650,F,1.0,40,0,0,1,1,0,0,34,16,18,False,0,,True,False
marko48,M,1.0,0,9,2,0,0,1,0,6,3,3,False,0,,False,True
emily15,F,1.0,6,0,2,0,0,1,0,4,2,2,False,0,,False,True
elena55,F,1.0,48,0,3,1,1,2,1,33,16,17,False,0,,False,False
theodor841,M,1.0,0,30,4,0,0,3,0,17,10,7,False,0,,False,True
jonathan332,M,1.0,0,9,5,0,0,1,0,7,3,4,False,0,,False,True
helena539,F,1.0,42,0,3,1,1,0,1,25,14,11,False,0,,True,False
olivia804,F,1.0,30,0,5,1,1,0,1,18,10,8,False,0,,True,False
dominik789,M,1.0,0,56,3,1,1,3,1,37,19,18,False,0,,False,False
sofia817,F,1.0,48,0,3,1,1,3,1,30,16,14,False,0,,False,False
emma7,F,1.0,48,0,3,0,0,3,0,33,16,17,False,0,,False,True
felix587,M,1.0,0,38,1,1,1,1,3,28,13,15,False,0,,False,False
rene1147,M,1.0,0,21,3,1,1,2,0,15,7,8,False,0,,False,False
lorenz794,M,1.0,0,42,5,1,1,5,1,29,14,15,False,0,,False,False
katharina974,F,1.0,36,0,4,0,0,4,0,24,12,12,False,0,,False,True
jakob647,M,1.0,0,44,1,1,1,0,2,34,17,17,False,0,,True,False
oliver381,M,1.0,0,42,4,0,0,0,3,23,14,9,False,0,,True,True
luis35,M,1.0,0,9,5,0,0,1,0,7,3,4,False,0,,False,True
larissa910,F,1.0,41,0,0,1,1,0,1,32,15,17,False,0,,True,False
moritz768,M,1.0,0,46,2,1,1,2,1,33,17,16,False,0,,False,False
thomas875,M,1.0,0,51,1,1,1,0,1,37,18,19,False,0,,True,False
helga976,F,1.0,45,0,3,1,1,2,3,28,15,13,False,0,,False,False
felix65,M,1.0,0,42,2,1,1,0,2,32,15,17,False,0,,True,False
anna559,F,1.0,51,0,2,1,1,0,4,35,17,18,False,0,,True,False
lorenz867,M,1.0,0,18,5,0,0,1,0,12,6,6,False,0,,False,True
charlotte576,F,1.0,29,0,0,1,1,0,0,26,11,15,False,0,,True,False
lena111,F,1.0,9,0,2,0,0,1,0,6,3,3,False,0,,False,True
anna438,F,1.0,18,0,0,1,1,0,0,13,6,7,False,0,,True,False
marlene1278,F,1.0,36,0,3,0,0,1,0,23,12,11,False,0,,False,True
vanessa955,F,1.0,6,0,1,0,0,2,0,4,2,2,False,0,,False,True
karin440,F,1.0,15,0,4,0,0,2,0,11,5,6,False,0,,False,True
vanessa1060,F,1.0,27,0,4,1,1,1,0,18,9,9,False,0,,False,False
johanna781,F,1.0,46,0,2,1,1,0,1,34,17,17,False,0,,True,False
leo1168,M,1.0,0,21,2,1,1,0,2,13,7,6,False,0,,True,False
marko1057,M,1.0,0,39,3,1,1,0,2,24,13,11,False,0,,True,False
laura790,F,1.0,15,0,3,0,0,3,0,10,5,5,False,0,,False,True
helena435,F,1.0,36,0,4,1,1,0,3,22,12,10,False,0,,True,False
adrian870,M,1.0,0,39,3,0,0,4,0,26,13,13,False,0,,False,True
julian383,M,1.0,0,42,2,1,1,1,0,34,15,19,False,0,,False,False
felix231,M,1.0,0,15,4,0,0,1,0,10,5,5,False,0,,False,True
paul1008,M,1.0,0,51,1,1,1,2,4,35,18,17,False,0,,False,False
benjamin1167,M,1.0,0,21,3,0,0,3,0,14,7,7,False,0,,False,True
jonathan674,M,1.0,0,18,5,0,0,1,0,12,6,6,False,0,,False,True
marko912,M,1.0,0,41,0,1,1,0,1,32,15,17,False,0,,True,False
jonas271,M,1.0,0,45,2,1,1,1,2,29,15,14,False,0,,False,False
elias302,M,1.0,0,9,2,0,0,2,0,6,3,3,False,0,,False,True
elena609,F,1.0,12,0,2,1,1,2,0,9,4,5,False,0,,False,False
michael312,M,1.0,0,55,1,1,1,0,1,41,20,21,False,0,,True,False
natalie13,F,1.0,54,0,2,1,1,0,3,31,18,13,False,0,,True,False
maria1208,F,1.0,51,0,1,1,1,0,1,37,18,19,False,0,,True,False
tobias1011,M,1.0,0,9,2,0,0,3,0,3,3,0,False,0,,False,True
julian145,M,1.0,0,27,3,0,0,1,0,18,9,9,False,0,,False,True
paula75,F,1.0,18,0,0,1,1,0,0,14,6,8,False,0,,True,False
leo449,M,1.0,0,45,3,1,1,3,0,31,15,16,False,0,,False,False
sarah542,F,1.0,21,0,4,0,0,1,0,14,7,7,False,0,,False,True
sofia285,F,1.0,30,0,0,1,1,0,0,24,11,13,False,0,,True,False
angelina233,F,1.0,36,0,2,1,1,0,0,26,13,13,False,0,,True,False
luis727,M,1.0,0,15,4,0,0,1,0,10,5,5,False,0,,False,True
matthias1030,M,1.0,0,15,2,0,0,4,0,10,5,5,False,0,,False,True
nico326,M,1.0,0,44,0,1,1,0,0,32,16,16,False,0,,True,False
helena558,F,1.0,48,0,2,1,1,2,4,34,16,18,False,0,,False,False
mia574,F,1.0,51,0,1,1,1,0,2,36,18,18,False,0,,True,False
marcel562,M,1.0,0,48,4,0,0,1,2,30,16,14,False,0,,False,True
valentin705,M,1.0,0,27,0,1,1,0,1,24,10,14,False,0,,True,False
luca603,M,1.0,0,38,1,1,1,0,3,28,13,15,False,0,,True,False
magdalena873,F,1.0,38,0,1,1,1,1,0,29,14,15,False,0,,False,False
laura143,F,1.0,64,0,1,0,0,0,4,42,22,20,False,0,,True,True
patrick675,M,1.0,0,18,3,1,1,0,1,10,6,4,False,0,,True,False
sophie819,F,1.0,27,0,4,1,1,2,0,17,9,8,False,0,,False,False
laura959,F,1.0,18,0,5,0,0,2,0,10,6,4,False,0,,False,True
moritz459,M,1.0,0,57,2,0,0,1,3,35,19,16,False,0,,False,True
ella500,F,1.0,44,0,1,1,1,2,0,32,15,17,False,0,,False,False
katharina1086,F,1.0,39,0,3,0,0,3,0,23,13,10,False,0,,False,True
adrian535,M,1.0,0,12,2,1,1,1,1,8,4,4,False,0,,False,False
vanessa193,F,1.0,36,0,1,1,1,0,3,26,12,14,False,0,,True,False
elias798,M,1.0,0,30,6,0,0,2,0,20,10,10,False,0,,False,True
matthias927,M,1.0,0,33,5,0,0,2,0,22,11,11,False,0,,False,True
emil1148,M,1.0,0,30,2,1,1,2,1,17,10,7,False,0,,False,False
charlotte670,F,1.0,29,0,0,1,1,0,0,21,10,11,False,0,,True,False
michael803,M,1.0,0,34,2,1,1,0,2,28,12,16,False,0,,True,False
maria1129,F,1.0,15,0,3,1,1,0,2,10,5,5,False,0,,True,False
natalie778,F,1.0,42,0,1,1,1,0,1,34,16,18,False,0,,True,False
leonie504,F,1.0,15,0,3,0,0,1,0,10,5,5,False,0,,False,True
valerie690,F,1.0,57,0,1,1,1,0,2,42,20,22,False,0,,True,False
isabella242,F,1.0,9,0,5,0,0,1,0,6,3,3,False,0,,False,True
lisa971,F,1.0,28,0,3,1,1,0,1,21,10,11,False,0,,True,False
luisa764,F,1.0,27,0,3,0,0,5,0,18,9,9,False,0,,False,True
victoria334,F,1.0,45,0,0,1,1,0,1,32,16,16,False,0,,True,False
simon172,M,1.0,0,38,1,1,1,1,0,29,13,16,False,0,,False,False
katharina861,F,1.0,6,0,3,1,1,1,0,4,2,2,False,0,,False,False
noah905,M,1.0,0,43,1,1,1,1,3,31,15,16,False,0,,False,False
leonie859,F,1.0,6,0,2,0,0,1,0,3,2,1,False,0,,False,True
olivia1134,F,1.0,39,0,1,1,1,2,1,27,13,14,False,0,,False,False
ella741,F,1.0,30,0,4,1,1,1,1,20,10,10,False,0,,False,False
michael622,M,1.0,0,12,3,0,0,1,0,8,4,4,False,0,,False,True
karin613,F,1.0,51,0,1,1,1,1,3,38,18,20,False,0,,False,False
hannah291,F,1.0,60,0,2,1,1,1,4,38,20,18,False,0,,False,False
valentin1234,M,1.0,0,3,2,0,0,1,0,1,1,0,False,0,,False,True
marie1311,F,1.0,33,0,1,1,1,0,0,29,13,16,False,0,,True,False
marlene537,F,1.0,12,0,3,0,0,1,0,8,4,4,False,0,,False,True
anastasia106,F,1.0,30,0,3,0,0,3,0,20,10,10,False,0,,False,True
lena606,F,1.0,45,0,3,0,0,2,1,29,15,14,False,0,,False,True
stefan72,M,1.0,0,6,2,0,0,1,0,4,2,2,False,0,,False,True
daniel946,M,1.0,0,37,1,1,1,0,0,28,13,15,False,0,,True,False
emilia983,F,1.0,29,0,0,1,1,0,1,22,10,12,False,0,,True,False
rene254,M,1.0,0,12,6,0,0,1,0,8,4,4,False,0,,False,True
tobias444,M,1.0,0,36,4,1,1,0,3,22,12,10,False,0,,True,False
elias461,M,1.0,0,49,1,1,1,1,0,36,18,18,False,0,,False,False
julian1094,M,1.0,0,36,1,1,1,0,0,29,14,15,False,0,,True,False
adam9,M,1.0,0,60,1,1,1,0,4,42,21,21,False,0,,True,False
nico221,M,1.0,0,30,4,0,0,1,0,21,10,11,False,0,,False,True
johanna404,F,1.0,39,0,3,1,1,0,2,21,13,8,False,0,,True,False
valentin934,M,1.0,0,51,2,1,1,0,3,37,18,19,False,0,,True,False
vincent287,M,1.0,0,6,2,0,0,1,0,4,2,2,False,0,,False,True
sarah1156,F,1.0,15,0,4,0,0,1,0,9,5,4,False,0,,False,True
nora825,F,1.0,60,0,2,1,1,0,2,39,20,19,False,0,,True,False
paula50,F,1.0,15,0,4,1,1,0,1,9,5,4,False,0,,True,False
isabella807,F,1.0,51,0,4,1,1,0,4,31,17,14,False,0,,True,False
rene718,M,1.0,0,39,3,1,1,0,3,24,13,11,False,0,,True,False
valentina1015,F,1.0,42,0,0,1,1,0,1,34,16,18,False,0,,True,False
katharina617,F,1.0,54,0,1,1,1,0,3,39,19,20,False,0,,True,False
isabella212,F,1.0,36,0,3,0,0,2,1,23,12,11,False,0,,False,True
luis1150,M,1.0,0,15,4,0,0,1,0,10,5,5,False,0,,False,True
larissa136,F,1.0,64,0,1,1,1,0,4,44,22,22,False,0,,True,False
philipp703,M,1.0,0,6,1,0,0,2,0,4,2,2,False,0,,False,True
alina671,F,1.0,18,0,4,0,0,2,0,10,6,4,False,0,,False,True
isabella743,F,1.0,6,0,1,0,0,2,0,4,2,2,False,0,,False,True
simon297,M,1.0,0,3,1,0,0,1,0,2,1,1,False,0,,False,True
leon519,M,1.0,0,18,4,0,0,1,0,12,6,6,False,0,,False,True
paul418,M,1.0,0,30,0,1,1,0,0,25,11,14,False,0,,True,False
leon1055,M,1.0,0,36,4,1,1,3,1,25,12,13,False,0,,False,False
marcel785,M,1.0,0,18,0,1,1,0,0,14,6,8,False,0,,True,False
jonas507,M,1.0,0,27,3,1,1,2,0,19,9,10,False,0,,False,False
samuel1310,M,1.0,0,3,2,0,0,1,0,2,1,1,False,0,,False,True
magdalena782,F,1.0,46,0,2,1,1,0,4,33,16,17,False,0,,True,False
julian554,M,1.0,0,48,2,0,0,1,4,33,16,17,False,0,,False,True
mia529,F,1.0,44,0,1,1,1,1,1,31,15,16,False,0,,False,False
lena1136,F,1.0,27,0,3,1,1,2,1,17,9,8,False,0,,False,False
valerie678,F,1.0,3,0,1,0,0,1,0,2,1,1,False,0,,False,True
charlotte1034,F,1.0,21,0,2,1,1,5,0,15,7,8,False,0,,False,False
raphael1131,M,1.0,0,28,1,1,1,2,0,20,10,10,False,0,,False,False
marko850,M,1.0,0,24,4,0,0,2,0,16,8,8,False,0,,False,True
lea1254,F,1.0,3,0,2,0,0,1,0,1,1,0,False,0,,False,True
fabian26,M,1.0,0,41,0,1,1,0,0,37,17,20,False,0,,True,False
helga553,F,1.0,6,0,2,0,0,1,0,5,2,3,False,0,,False,True
nico1246,M,1.0,0,47,2,1,1,1,3,34,16,18,False,0,,False,False
daniel1309,M,1.0,0,30,5,0,0,2,0,20,10,10,False,0,,False,True
lena484,F,1.0,12,0,3,0,0,1,0,8,4,4,False,0,,False,True
lea220,F,1.0,30,0,4,0,0,1,0,21,10,11,False,0,,False,True
clara423,F,1.0,21,0,5,0,0,3,0,15,7,8,False,0,,False,True
jonas1085,M,1.0,0,46,1,1,1,0,4,33,16,17,False,0,,True,False
patrick604,M,1.0,0,33,4,0,0,1,0,23,11,12,False,0,,False,True
elias338,M,1.0,0,51,1,1,1,0,4,34,17,17,False,0,,True,False
isabella267,F,1.0,45,0,2,1,1,1,2,30,15,15,False,0,,False,False
lara1114,F,1.0,27,0,3,0,0,1,0,18,9,9,False,0,,False,True
fabian140,M,1.0,0,64,1,1,1,1,4,44,22,22,False,0,,False,False
david132,M,1.0,0,48,2,0,0,4,2,30,16,14,False,0,,False,True
matthias1106,M,1.0,0,18,2,0,0,1,0,12,6,6,False,0,,False,True
lea862,F,1.0,36,0,2,1,1,0,0,27,13,14,False,0,,True,False
luca619,M,1.0,0,3,1,0,0,1,0,3,1,2,False,0,,False,True
claudia1017,F,1.0,42,0,0,1,1,0,1,34,16,18,False,0,,True,False
fabian879,M,1.0,0,39,2,1,1,0,3,23,13,10,False,0,,True,False
angelina335,F,1.0,15,0,4,1,1,0,1,9,5,4,False,0,,True,False
emma1251,F,1.0,27,0,4,0,0,2,0,16,9,7,False,0,,False,True
luisa632,F,1.0,45,0,2,1,1,2,2,30,15,15,False,0,,False,False
moritz909,M,1.0,0,9,1,1,1,2,0,7,3,4,False,0,,False,False
philipp401,M,1.0,0,33,4,0,0,2,0,22,11,11,False,0,,False,True
marie717,F,1.0,39,0,3,1,1,2,3,25,13,12,False,0,,False,False
laura1271,F,1.0,42,0,0,1,1,0,1,36,16,20,False,0,,True,False
helena67,F,1.0,21,0,4,1,1,1,0,14,7,7,False,0,,False,False
hannah586,F,1.0,15,0,2,0,0,3,0,11,5,6,False,0,,False,True
isabella166,F,1.0,30,0,5,1,1,1,1,20,10,10,False,0,,False,False
maximilian949,M,1.0,0,36,4,1,1,2,2,25,12,13,False,0,,False,False
charlotte1171,F,1.0,12,0,2,0,0,3,0,5,4,1,False,0,,False,True
claudia272,F,1.0,3,0,2,0,0,1,0,2,1,1,False,0,,False,True
jonathan219,M,1.0,0,43,1,1,1,0,0,33,16,17,False,0,,True,False
marko232,M,1.0,0,3,3,0,0,1,0,2,1,1,False,0,,False,True
florian516,M,1.0,0,3,2,0,0,1,0,2,1,1,False,0,,False,True
lorenz452,M,1.0,0,50,1,0,0,0,1,34,18,16,False,0,,True,True
lisa805,F,1.0,51,0,4,1,1,0,4,31,17,14,False,0,,True,False
marlene472,F,1.0,48,0,2,0,0,1,4,30,16,14,False,0,,False,True
nora1235,F,1.0,43,0,1,1,1,0,0,36,17,19,False,0,,True,False
leon635,M,1.0,0,45,1,1,1,0,3,34,17,17,False,0,,True,False
paul900,M,1.0,0,21,2,0,0,4,0,14,7,7,False,0,,False,True
florian1019,M,1.0,0,33,4,0,0,1,0,22,11,11,False,0,,False,True
marie215,F,1.0,47,0,2,1,1,1,2,31,16,15,False,0,,False,False
natalie811,F,1.0,29,0,2,1,1,0,0,27,11,16,False,0,,True,False
moritz8,M,1.0,0,48,3,0,0,3,0,33,16,17,False,0,,False,True
leonie318,F,1.0,48,0,1,1,1,1,4,33,16,17,False,0,,False,False
christian712,M,1.0,0,48,1,1,1,0,1,38,17,21,False,0,,True,False
tobias1076,M,1.0,0,27,4,1,1,0,1,15,9,6,False,0,,True,False
nora536,F,1.0,46,0,1,1,1,0,0,33,16,17,False,0,,True,False
luisa47,F,1.0,9,0,2,0,0,1,0,6,3,3,False,0,,False,True
natalie178,F,1.0,38,0,2,1,1,0,0,26,13,13,False,0,,True,False
matthias724,M,1.0,0,12,3,0,0,1,0,8,4,4,False,0,,False,True
marlene344,F,1.0,33,0,3,1,1,1,0,23,11,12,False,0,,False,False
luca1130,M,1.0,0,45,1,1,1,0,2,31,15,16,False,0,,True,False
johanna131,F,1.0,33,0,2,1,1,4,0,23,11,12,False,0,,False,False
florian476,M,1.0,0,30,4,0,0,1,0,20,10,10,False,0,,False,True
beate1163,F,1.0,41,0,1,1,1,1,1,29,14,15,False,0,,False,False
florian767,M,1.0,0,15,3,0,0,2,0,10,5,5,False,0,,False,True
anastasia847,F,1.0,9,0,2,0,0,2,0,6,3,3,False,0,,False,True
selina358,F,1.0,35,0,0,1,1,0,2,25,12,13,False,0,,True,False
sebastian56,M,1.0,0,24,3,1,1,2,0,17,8,9,False,0,,False,False
laura851,F,1.0,6,0,1,1,1,1,0,4,2,2,False,0,,False,False
nina1063,F,1.0,9,0,2,0,0,2,0,4,3,1,False,0,,False,True
samuel977,M,1.0,0,21,3,0,0,2,0,14,7,7,False,0,,False,True
maria725,F,1.0,40,0,2,1,1,0,1,29,14,15,False,0,,True,False
helena1135,F,1.0,43,0,0,1,1,0,1,33,15,18,False,0,,True,False
lara682,F,1.0,57,0,1,1,1,0,2,42,20,22,False,0,,True,False
oskar133,M,1.0,0,64,1,1,1,0,4,44,22,22,False,0,,True,False
alexander981,M,1.0,0,6,1,0,0,2,0,4,2,2,False,0,,False,True
claudia379,F,1.0,9,0,4,0,0,1,0,6,3,3,False,0,,False,True
nico91,M,1.0,0,42,1,1,1,1,1,33,16,17,False,0,,False,False
mia293,F,1.0,57,0,2,1,1,3,4,38,19,19,False,0,,False,False
marcel943,M,1.0,0,20,0,1,1,0,0,18,7,11,False,0,,True,False
charlotte1256,F,1.0,6,0,2,0,0,1,0,4,2,2,False,0,,False,True
elena665,F,1.0,18,0,5,0,0,1,0,12,6,6,False,0,,False,True
angelina1028,F,1.0,57,0,2,1,1,4,3,34,19,15,False,0,,False,False
rene582,M,1.0,0,39,4,0,0,2,1,25,13,12,False,0,,False,True
stefan1158,M,1.0,0,30,2,1,1,2,1,19,10,9,False,0,,False,False
marlene620,F,1.0,44,0,0,1,1,0,1,34,16,18,False,0,,True,False
nico495,M,1.0,0,35,0,1,1,0,0,30,13,17,False,0,,True,False
charlotte903,F,1.0,15,0,2,1,1,2,1,11,5,6,False,0,,False,False
sophie138,F,1.0,6,0,2,0,0,1,0,5,2,3,False,0,,False,True
emma779,F,1.0,9,0,3,0,0,1,0,5,3,2,False,0,,False,True
marlene304,F,1.0,57,0,1,1,1,0,3,41,20,21,False,0,,True,False
marcel580,M,1.0,0,50,3,1,1,2,2,34,17,17,False,0,,False,False
beate196,F,1.0,36,0,1,1,1,0,3,26,12,14,False,0,,True,False
sarah251,F,1.0,30,0,0,0,0,0,2,18,10,8,False,0,,True,True
lara217,F,1.0,57,0,1,1,1,1,2,41,20,21,False,0,,False,False
tobias600,M,1.0,0,6,5,0,0,1,0,4,2,2,False,0,,False,True
sofia470,F,1.0,18,0,5,0,0,1,0,12,6,6,False,0,,False,True
sophie248,F,1.0,21,0,5,1,1,1,0,14,7,7,False,0,,False,False
jakob658,M,1.0,0,27,2,1,1,3,0,19,9,10,False,0,,False,False
beate134,F,1.0,39,0,3,0,0,2,0,27,13,14,False,0,,False,True
sophie646,F,1.0,44,0,1,0,0,0,2,32,17,15,False,0,,True,True
karin911,F,1.0,50,0,1,1,1,1,1,37,18,19,False,0,,False,False
nora85,F,1.0,21,0,3,1,1,2,0,15,7,8,False,0,,False,False
sofia662,F,1.0,27,0,4,1,1,3,0,16,9,7,False,0,,False,False
julia316,F,1.0,45,0,2,1,1,4,0,32,15,17,False,0,,False,False
adam306,M,1.0,0,39,4,0,0,1,0,27,13,14,False,0,,False,True
ella723,F,1.0,15,0,3,1,1,1,0,10,5,5,False,0,,False,False
elias1253,M,1.0,0,47,2,1,1,1,3,34,16,18,False,0,,False,False
lea895,F,1.0,36,0,3,0,0,2,0,22,12,10,False,0,,False,True
matthias323,M,1.0,0,33,3,0,0,1,0,22,11,11,False,0,,False,True
lena906,F,1.0,43,0,1,1,1,2,3,30,15,15,False,0,,False,False
paul243,M,1.0,0,9,5,0,0,1,0,6,3,3,False,0,,False,True
philipp979,M,1.0,0,18,2,1,1,2,0,13,6,7,False,0,,False,False
elena696,F,1.0,42,0,2,1,1,2,3,27,14,13,False,0,,False,False
elias263,M,1.0,0,27,4,0,0,2,0,19,9,10,False,0,,False,True
elias865,M,1.0,0,6,4,0,0,1,0,4,2,2,False,0,,False,True
jonathan1233,M,1.0,0,44,1,1,1,0,1,36,17,19,False,0,,True,False
sarah656,F,1.0,41,0,1,1,1,1,2,31,14,17,False,0,,False,False
larissa924,F,1.0,42,0,4,1,1,2,1,25,14,11,False,0,,False,False
michael288,M,1.0,0,52,1,0,0,0,1,36,18,18,False,0,,True,True
leon427,M,1.0,0,21,3,1,1,1,2,15,7,8,False,0,,False,False
valentin479,M,1.0,0,12,2,1,1,1,0,9,4,5,False,0,,False,False
theodor669,M,1.0,0,3,1,0,0,1,0,2,1,1,False,0,,False,True
jan1299,M,1.0,0,3,2,0,0,1,0,2,1,1,False,0,,False,True
isabella1021,F,1.0,47,0,0,1,1,0,0,38,18,20,False,0,,True,False
theodor749,M,1.0,0,24,4,0,0,1,0,16,8,8,False,0,,False,True
hannah202,F,1.0,36,0,4,0,0,0,2,19,12,7,False,0,,True,True
lina864,F,1.0,6,0,4,0,0,1,0,3,2,1,False,0,,False,True
helena810,F,1.0,3,0,3,0,0,1,0,2,1,1,False,0,,False,True
larissa286,F,1.0,6,0,2,0,0,1,0,4,2,2,False,0,,False,True
dominik702,M,1.0,0,57,1,1,1,0,2,42,20,22,False,0,,True,False
marlene127,F,1.0,29,0,0,1,1,0,1,24,11,13,False,0,,True,False
lara796,F,1.0,26,0,1,1,1,1,0,20,9,11,False,0,,False,False
clara797,F,1.0,30,0,6,0,0,2,0,18,10,8,False,0,,False,True
selina871,F,1.0,39,0,2,1,1,2,3,21,13,8,False,0,,False,False
magdalena685,F,1.0,33,0,3,0,0,4,0,18,11,7,False,0,,False,True
sofia530,F,1.0,51,0,2,1,1,1,2,34,17,17,False,0,,False,False
natalie489,F,1.0,21,0,5,0,0,1,0,15,7,8,False,0,,False,True
luca763,M,1.0,0,45,4,0,0,2,0,30,15,15,False,0,,False,True
hannah39,F,1.0,38,0,0,1,1,0,1,26,13,13,False,0,,True,False
luca450,M,1.0,0,54,2,1,1,1,3,36,18,18,False,0,,False,False
gabriel742,M,1.0,0,30,4,1,1,1,1,21,10,11,False,0,,False,False
moritz31,M,1.0,0,39,1,1,1,1,3,27,13,14,False,0,,False,False
valerie126,F,1.0,3,0,1,0,0,1,0,3,1,2,False,0,,False,True
paula481,F,1.0,51,0,2,1,1,0,4,32,17,15,False,0,,True,False
valentina201,F,1.0,51,0,2,1,1,0,1,36,18,18,False,0,,True,False
julian108,M,1.0,0,56,2,1,1,1,2,37,19,18,False,0,,False,False
helga183,F,1.0,42,0,3,1,1,0,3,28,14,14,False,0,,True,False
lena395,F,1.0,42,0,3,0,0,3,2,27,14,13,False,0,,False,True
christian346,M,1.0,0,24,2,1,1,2,0,16,8,8,False,0,,False,False
simon210,M,1.0,0,31,2,1,1,0,0,26,12,14,False,0,,True,False
nico63,M,1.0,0,27,5,0,0,1,0,18,9,9,False,0,,False,True
valerie748,F,1.0,24,0,4,0,0,1,0,15,8,7,False,0,,False,True
clara34,F,1.0,9,0,5,0,0,1,0,7,3,4,False,0,,False,True
lea540,F,1.0,9,0,3,0,0,2,0,6,3,3,False,0,,False,True
tobias982,M,1.0,0,29,0,1,1,0,1,22,10,12,False,0,,True,False
gabriel176,M,1.0,0,9,3,0,0,1,0,7,3,4,False,0,,False,True
noah128,M,1.0,0,43,1,1,1,0,1,33,15,18,False,0,,True,False
dominik148,M,1.0,0,47,0,0,0,0,1,34,17,17,False,0,,True,True
claudia109,F,1.0,39,0,4,1,1,3,1,27,13,14,False,0,,False,False
lea618,F,1.0,54,0,1,1,1,1,3,39,19,20,False,0,,False,False
felix525,M,1.0,0,42,3,0,0,2,1,27,14,13,False,0,,False,True
anna189,F,1.0,24,0,4,0,0,2,0,17,8,9,False,0,,False,True
sebastian1277,M,1.0,0,27,3,1,1,0,1,16,9,7,False,0,,True,False
jonathan84,M,1.0,0,45,2,1,1,1,2,31,16,15,False,0,,False,False
selina1108,F,1.0,45,0,1,1,1,5,2,31,15,16,False,0,,False,False
samuel1116,M,1.0,0,51,0,1,1,0,4,36,17,19,False,0,,True,False
mia17,F,1.0,3,0,1,0,0,1,0,2,1,1,False,0,,False,True
leo1205,M,1.0,0,51,2,1,1,0,4,32,17,15,False,0,,True,False
victoria279,F,1.0,52,0,1,1,1,0,1,38,18,20,False,0,,True,False
samuel341,M,1.0,0,15,4,0,0,1,0,10,5,5,False,0,,False,True
lina726,F,1.0,15,0,4,0,0,1,0,9,5,4,False,0,,False,True
johanna171,F,1.0,15,0,2,1,1,1,1,10,5,5,False,0,,False,False
alexander1142,M,1.0,0,30,2,1,1,2,1,21,10,11,False,0,,False,False
leonie422,F,1.0,48,0,3,1,1,1,1,34,16,18,False,0,,False,False
lisa382,F,1.0,12,0,3,0,0,1,0,8,4,4,False,0,,False,True
christian987,M,1.0,0,36,3,1,1,1,3,21,12,9,False,0,,False,False
isabella314,F,1.0,33,0,0,1,1,0,0,30,13,17,False,0,,True,False
lina322,F,1.0,48,0,3,1,1,1,0,32,16,16,False,0,,False,False
michael775,M,1.0,0,48,1,1,1,0,1,38,18,20,False,0,,True,False
selina185,F,1.0,48,0,2,0,0,3,1,35,17,18,False,0,,False,True
valentina667,F,1.0,24,0,3,1,1,1,1,16,8,8,False,0,,False,False
marlene1033,F,1.0,55,0,1,1,1,0,3,41,20,21,False,0,,True,False
laura345,F,1.0,55,0,2,0,0,2,1,37,19,18,False,0,,False,True
emily808,F,1.0,51,0,4,1,1,1,4,30,17,13,False,0,,False,False
marie113,F,1.0,27,0,5,0,0,1,0,19,9,10,False,0,,False,True
rene1207,M,1.0,0,33,4,0,0,1,0,22,11,11,False,0,,False,True
maximilian655,M,1.0,0,9,3,0,0,1,0,6,3,3,False,0,,False,True
luca523,M,1.0,0,29,3,1,1,0,1,19,10,9,False,0,,True,False
julia417,F,1.0,3,0,1,0,0,1,0,2,1,1,False,0,,False,True
charlotte261,F,1.0,3,0,3,0,0,1,0,2,1,1,False,0,,False,True
lisa736,F,1.0,33,0,3,1,1,3,0,23,11,12,False,0,,False,False
emil252,M,1.0,0,30,3,1,1,1,1,19,10,9,False,0,,False,False
sebastian547,M,1.0,0,44,1,0,0,0,1,29,15,14,False,0,,True,True
anna1297,F,1.0,15,0,3,0,0,3,0,10,5,5,False,0,,False,True
emily1270,F,1.0,6,0,1,0,0,2,0,4,2,2,False,0,,False,True
fabian433,M,1.0,0,30,1,1,1,1,0,23,10,13,False,0,,False,False
marcel521,M,1.0,0,25,3,1,1,0,0,18,9,9,False,0,,True,False
vanessa581,F,1.0,27,0,4,0,0,2,0,19,9,10,False,0,,False,True
isabella815,F,1.0,18,0,2,0,0,3,0,9,6,3,False,0,,False,True
leonie451,F,1.0,6,0,2,0,0,1,0,5,2,3,False,0,,False,True
david920,M,1.0,0,9,2,0,0,1,0,6,3,3,False,0,,False,True
elias626,M,1.0,0,3,1,0,0,1,0,2,1,1,False,0,,False,True
david100,M,1.0,0,42,1,1,1,0,1,33,16,17,False,0,,True,False
karin657,F,1.0,44,0,2,1,1,3,0,28,15,13,False,0,,False,False
marlene884,F,1.0,32,0,0,1,1,0,2,28,12,16,False,0,,True,False
julia391,F,1.0,28,0,1,1,1,1,1,24,10,14,False,0,,False,False
nina730,F,1.0,3,0,1,0,0,1,0,1,1,0,False,0,,False,True
beate406,F,1.0,57,0,2,1,1,0,3,36,19,17,False,0,,True,False
marlene679,F,1.0,29,0,0,1,1,0,0,21,10,11,False,0,,True,False
marie894,F,1.0,45,0,2,1,1,4,1,26,15,11,False,0,,False,False
philipp432,M,1.0,0,6,2,0,0,1,0,4,2,2,False,0,,False,True
magdalena350,F,1.0,55,0,2,1,1,0,1,35,19,16,False,0,,True,False
david1128,M,1.0,0,51,0,1,1,0,4,36,17,19,False,0,,True,False
claudia94,F,1.0,18,0,4,0,0,1,0,12,6,6,False,0,,False,True
olivia746,F,1.0,18,0,5,0,0,2,0,10,6,4,False,0,,False,True
paula648,F,1.0,44,0,1,1,1,0,2,34,17,17,False,0,,True,False
lara158,F,1.0,24,0,4,1,1,3,0,17,8,9,False,0,,False,False
gertrude97,F,1.0,23,0,0,1,1,0,0,18,8,10,False,0,,True,False
jan87,M,1.0,0,45,2,1,1,2,2,32,16,16,False,0,,False,False
simon1197,M,1.0,0,29,0,1,1,0,1,27,11,16,False,0,,True,False
leo121,M,1.0,0,40,1,1,1,1,1,32,14,18,False,0,,False,False
valentin1259,M,1.0,0,19,0,1,1,0,0,18,7,11,False,0,,True,False
lena524,F,1.0,24,0,4,1,1,0,2,15,8,7,False,0,,True,False
elena492,F,1.0,51,0,2,1,1,0,4,32,17,15,False,0,,True,False
katharina1218,F,1.0,52,0,2,1,1,1,3,38,19,19,False,0,,False,False
simon913,M,1.0,0,3,1,0,0,1,0,2,1,1,False,0,,False,True
paul1047,M,1.0,0,21,3,0,0,1,0,14,7,7,False,0,,False,True
larissa1176,F,1.0,12,0,1,1,1,0,2,9,4,5,False,0,,True,False
alexander1052,M,1.0,0,43,0,1,1,0,0,36,16,20,False,0,,True,False
benjamin952,M,1.0,0,45,2,1,1,1,0,35,16,19,False,0,,False,False
lisa445,F,1.0,21,0,3,1,1,0,2,13,7,6,False,0,,True,False
michael226,M,1.0,0,21,3,1,1,1,0,14,7,7,False,0,,False,False
ella1257,F,1.0,37,0,1,1,1,1,0,27,13,14,False,0,,False,False
olivia1007,F,1.0,51,0,1,1,1,2,4,37,18,19,False,0,,False,False
vanessa907,F,1.0,15,0,3,0,0,2,0,8,5,3,False,0,,False,True
anna1195,F,1.0,51,0,1,1,1,2,1,35,18,17,False,0,,False,False
natalie1225,F,1.0,36,0,5,0,0,1,0,23,12,11,False,0,,False,True
benjamin853,M,1.0,0,30,3,1,1,0,1,18,10,8,False,0,,True,False
lisa599,F,1.0,6,0,5,0,0,1,0,4,2,2,False,0,,False,True
sofia1199,F,1.0,51,0,1,1,1,0,1,37,18,19,False,0,,True,False
oliver117,M,1.0,0,3,3,0,0,1,0,2,1,1,False,0,,False,True
nico744,M,1.0,0,28,0,1,1,0,1,23,10,13,False,0,,True,False
magdalena52,F,1.0,31,0,0,1,1,0,0,22,11,11,False,0,,True,False
elena998,F,1.0,3,0,3,0,0,1,0,2,1,1,False,0,,False,True
sofia357,F,1.0,6,0,1,0,0,2,0,5,2,3,False,0,,False,True
david329,M,1.0,0,9,1,1,1,1,0,7,3,4,False,0,,False,False
lena147,F,1.0,3,0,1,0,0,1,0,3,1,2,False,0,,False,True
adrian303,M,1.0,0,55,1,1,1,1,1,41,20,21,False,0,,False,False
florian589,M,1.0,0,38,1,0,0,1,3,26,13,13,False,0,,False,True
claudia250,F,1.0,6,0,1,0,0,2,0,5,2,3,False,0,,False,True
victoria225,F,1.0,15,0,3,0,0,1,0,10,5,5,False,0,,False,True
florian1111,M,1.0,0,21,3,0,0,1,0,14,7,7,False,0,,False,True
charlotte353,F,1.0,15,0,4,0,0,1,0,10,5,5,False,0,,False,True
valentin638,M,1.0,0,53,0,1,1,0,0,42,20,22,False,0,,True,False
jakob969,M,1.0,0,28,3,1,1,0,1,21,10,11,False,0,,True,False
oskar182,M,1.0,0,15,2,0,0,0,1,7,5,2,False,0,,True,True
rene162,M,1.0,0,21,5,0,0,1,0,14,7,7,False,0,,False,True
charlotte980,F,1.0,44,0,1,1,1,2,1,34,16,18,False,0,,False,False
konstantin938,M,1.0,0,6,3,0,0,2,0,4,2,2,False,0,,False,True
stefan947,M,1.0,0,46,3,1,1,1,1,31,16,15,False,0,,False,False
julian410,M,1.0,0,30,0,1,1,0,0,25,11,14,False,0,,True,False
luis701,M,1.0,0,24,1,1,1,0,0,19,9,10,False,0,,True,False
vanessa793,F,1.0,39,0,5,1,1,5,0,22,13,9,False,0,,False,False
helena1169,F,1.0,21,0,4,0,0,2,0,12,7,5,False,0,,False,True
julia1151,F,1.0,6,0,2,0,0,2,0,4,2,2,False,0,,False,True
sebastian49,M,1.0,0,42,1,1,1,0,3,28,14,14,False,0,,True,False
sofia28,F,1.0,39,0,3,1,1,1,0,26,13,13,False,0,,False,False
helena1260,F,1.0,27,0,3,1,1,0,1,16,9,7,False,0,,True,False
emilia511,F,1.0,33,0,2,0,0,1,2,17,11,6,False,0,,False,True
konstantin439,M,1.0,0,36,4,1,1,0,3,22,12,10,False,0,,True,False
jan1062,M,1.0,0,54,2,1,1,2,3,38,18,20,False,0,,False,False
marcel214,M,1.0,0,47,2,1,1,1,2,31,16,15,False,0,,False,False
alina1296,F,1.0,48,0,2,1,1,1,1,34,17,17,False,0,,False,False
emma239,F,1.0,33,0,3,1,1,1,0,22,11,11,False,0,,False,False
tobias483,M,1.0,0,43,1,1,1,1,1,31,15,16,False,0,,False,False
noah886,M,1.0,0,15,2,1,1,0,2,11,5,6,False,0,,True,False
nora721,F,1.0,3,0,2,0,0,1,0,2,1,1,False,0,,False,True
marcel541,M,1.0,0,9,3,0,0,2,0,6,3,3,False,0,,False,True
felix834,M,1.0,0,21,4,1,1,0,1,12,7,5,False,0,,True,False
tobias505,M,1.0,0,38,3,1,1,1,1,26,13,13,False,0,,False,False
marlene1189,F,1.0,15,0,2,0,0,2,0,10,5,5,False,0,,False,True
dominik1245,M,1.0,0,30,3,1,1,4,1,21,10,11,False,0,,False,False
christian1053,M,1.0,0,39,3,1,1,0,2,24,13,11,False,0,,True,False
luis1087,M,1.0,0,39,3,0,0,3,0,26,13,13,False,0,,False,True
paula1178,F,1.0,6,0,2,1,1,1,0,5,2,3,False,0,,False,False
isabella714,F,1.0,33,0,4,0,0,4,0,18,11,7,False,0,,False,True
nina940,F,1.0,44,0,3,1,1,0,1,28,15,13,False,0,,True,False
emil568,M,1.0,0,24,5,0,0,2,0,17,8,9,False,0,,False,True
leo1121,M,1.0,0,15,4,0,0,3,0,10,5,5,False,0,,False,True
anna488,F,1.0,36,0,0,1,1,0,1,30,13,17,False,0,,True,False
moritz1139,M,1.0,0,21,4,0,0,2,0,14,7,7,False,0,,False,True
helga203,F,1.0,36,0,4,1,1,2,2,22,12,10,False,0,,False,False
sophie187,F,1.0,21,0,3,0,0,1,0,15,7,8,False,0,,False,True
raphael73,M,1.0,0,39,1,1,1,1,0,29,14,15,False,0,,False,False
jonathan585,M,1.0,0,21,5,0,0,1,0,15,7,8,False,0,,False,True
emilia130,F,1.0,30,0,0,1,1,0,1,24,11,13,False,0,,True,False
katharina64,F,1.0,9,0,3,0,0,3,0,6,3,3,False,0,,False,True
emil1191,M,1.0,0,9,1,1,1,1,1,7,3,4,False,0,,False,False
valentin351,M,1.0,0,45,1,1,1,2,1,31,15,16,False,0,,False,False
larissa76,F,1.0,15,0,5,0,0,1,0,10,5,5,False,0,,False,True
leo693,M,1.0,0,24,2,1,1,0,3,17,8,9,False,0,,True,False
larissa885,F,1.0,51,0,1,1,1,0,1,37,18,19,False,0,,True,False
oliver328,M,1.0,0,30,4,0,0,1,1,18,10,8,False,0,,False,True
sophie1039,F,1.0,3,0,1,0,0,1,0,1,1,0,False,0,,False,True
lorenz1210,M,1.0,0,50,1,1,1,0,0,37,18,19,False,0,,True,False
larissa1275,F,1.0,27,0,4,0,0,2,0,16,9,7,False,0,,False,True
raphael840,M,1.0,0,18,5,0,0,1,0,12,6,6,False,0,,False,True
julian1242,M,1.0,0,35,3,1,1,0,0,25,12,13,False,0,,True,False
theodor298,M,1.0,0,35,0,1,1,0,0,30,13,17,False,0,,True,False
sarah914,F,1.0,38,0,0,1,1,0,0,33,15,18,False,0,,True,False
daniel1022,M,1.0,0,49,1,1,1,0,2,37,18,19,False,0,,True,False
elena813,F,1.0,49,0,3,1,1,0,0,36,17,19,False,0,,True,False
larissa518,F,1.0,18,0,4,0,0,1,0,12,6,6,False,0,,False,True
hannah777,F,1.0,6,0,2,0,0,2,0,2,2,0,False,0,,False,True
helena1122,F,1.0,15,0,4,0,0,1,0,9,5,4,False,0,,False,True
david236,M,1.0,0,27,4,0,0,1,0,18,9,9,False,0,,False,True
alina762,F,1.0,45,0,4,0,0,2,0,28,15,13,False,0,,False,True
lea80,F,1.0,36,0,4,0,0,1,0,25,12,13,False,0,,False,True
luis14,M,1.0,0,54,2,1,1,1,3,32,18,14,False,0,,False,False
valentin602,M,1.0,0,31,0,1,1,0,0,23,11,12,False,0,,True,False
valerie211,F,1.0,44,0,2,0,0,2,2,29,15,14,False,0,,False,True
leon956,M,1.0,0,18,0,1,1,0,1,13,6,7,False,0,,True,False
marie1120,F,1.0,15,0,4,0,0,3,0,7,5,2,False,0,,False,True
olivia517,F,1.0,35,0,1,1,1,0,0,24,12,12,False,0,,True,False
marie800,F,1.0,15,0,0,1,1,0,0,13,5,8,False,0,,True,False
helga1238,F,1.0,30,0,5,1,1,3,0,21,10,11,False,0,,False,False
sebastian1098,M,1.0,0,3,2,0,0,1,0,2,1,1,False,0,,False,True
karin284,F,1.0,9,0,1,1,1,1,0,6,3,3,False,0,,False,False
dominik44,M,1.0,0,38,0,0,0,0,1,24,13,11,False,0,,True,True
maria494,F,1.0,3,0,1,0,0,1,0,2,1,1,False,0,,False,True
gabriel241,M,1.0,0,53,2,1,1,1,0,36,18,18,False,0,,False,False
paul583,M,1.0,0,50,2,1,1,1,1,33,17,16,False,0,,False,False
katharina99,F,1.0,21,0,0,1,1,0,0,16,7,9,False,0,,True,False
oliver207,M,1.0,0,36,0,1,1,0,1,25,12,13,False,0,,True,False
beate499,F,1.0,32,0,0,0,0,0,2,22,11,11,False,0,,True,True
luisa1229,F,1.0,3,0,1,0,0,1,0,2,1,1,False,0,,False,True
emil465,M,1.0,0,49,1,1,1,0,0,36,18,18,False,0,,True,False
adrian735,M,1.0,0,51,3,1,1,3,0,32,17,15,False,0,,False,False
jakob1286,M,1.0,0,42,0,1,1,0,1,36,16,20,False,0,,True,False
lara522,F,1.0,33,0,2,1,1,0,2,19,11,8,False,0,,True,False
paul1083,M,1.0,0,46,1,1,1,0,4,33,16,17,False,0,,True,False
beate436,F,1.0,21,0,4,1,1,0,1,12,7,5,False,0,,True,False
lina644,F,1.0,44,0,1,1,1,1,2,34,17,17,False,0,,False,False
karin468,F,1.0,33,0,4,0,0,1,0,22,11,11,False,0,,False,True
raphael548,M,1.0,0,12,2,1,1,0,1,8,4,4,False,0,,True,False
jonas101,M,1.0,0,45,2,1,1,0,2,31,16,15,False,0,,True,False
tobias363,M,1.0,0,35,0,1,1,0,2,25,12,13,False,0,,True,False
katharina889,F,1.0,35,0,0,1,1,0,0,32,14,18,False,0,,True,False
patrick1051,M,1.0,0,3,1,0,0,1,0,2,1,1,False,0,,False,True
david396,M,1.0,0,39,3,1,1,3,1,27,13,14,False,0,,False,False
valentin812,M,1.0,0,3,4,0,0,1,0,2,1,1,False,0,,False,True
amelie81,F,1.0,45,0,3,1,1,3,1,28,15,13,False,0,,False,False
lea425,F,1.0,15,0,5,0,0,1,0,11,5,6,False,0,,False,True
sarah711,F,1.0,18,0,2,1,1,2,0,13,6,7,False,0,,False,False
nora564,F,1.0,43,0,1,1,1,0,0,32,16,16,False,0,,True,False
sophie948,F,1.0,27,0,4,1,1,2,1,17,9,8,False,0,,False,False
elena1084,F,1.0,46,0,1,1,1,0,4,33,16,17,False,0,,True,False
katharina446,F,1.0,39,0,3,1,1,3,0,27,13,14,False,0,,False,False
florian208,M,1.0,0,36,3,1,1,0,1,26,13,13,False,0,,True,False
konstantin1202,M,1.0,0,33,4,0,0,1,0,22,11,11,False,0,,False,True
mia1206,F,1.0,33,0,4,0,0,1,0,21,11,10,False,0,,False,True
christian532,M,1.0,0,30,4,1,1,1,1,21,10,11,False,0,,False,False
lorenz543,M,1.0,0,21,4,0,0,1,0,14,7,7,False,0,,False,True
luca129,M,1.0,0,29,0,0,0,0,1,22,11,11,False,0,,True,True
vanessa228,F,1.0,43,0,1,1,1,0,0,33,16,17,False,0,,True,False
mia1301,F,1.0,9,0,2,0,0,2,0,4,3,1,False,0,,False,True
fabian608,M,1.0,0,48,2,1,1,2,2,30,16,14,False,0,,False,False
adam627,M,1.0,0,43,0,1,1,0,0,34,16,18,False,0,,True,False
patrick1006,M,1.0,0,51,1,1,1,1,4,37,18,19,False,0,,False,False
luisa506,F,1.0,21,0,3,0,0,2,0,15,7,8,False,0,,False,True
beate996,F,1.0,3,0,2,0,0,1,0,2,1,1,False,0,,False,True
alexander795,M,1.0,0,6,2,0,0,1,0,4,2,2,False,0,,False,True
johanna22,F,1.0,51,0,1,1,1,0,1,38,19,19,False,0,,True,False
philipp275,M,1.0,0,24,4,0,0,1,0,16,8,8,False,0,,False,True
oskar664,M,1.0,0,36,3,1,1,0,2,22,12,10,False,0,,True,False
charlotte1126,F,1.0,51,0,0,1,1,0,4,36,17,19,False,0,,True,False
samuel463,M,1.0,0,31,0,1,1,0,0,27,12,15,False,0,,True,False
lena18,F,1.0,40,0,0,1,1,0,0,37,17,20,False,0,,True,False
jonathan480,M,1.0,0,52,1,0,0,1,1,34,18,16,False,0,,False,True
nico392,M,1.0,0,3,1,0,0,1,0,2,1,1,False,0,,False,True
ella990,F,1.0,3,0,1,0,0,1,0,2,1,1,False,0,,False,True
johanna688,F,1.0,24,0,3,0,0,4,0,12,8,4,False,0,,False,True
maximilian1283,M,1.0,0,42,0,1,1,0,1,36,16,20,False,0,,True,False
valentin414,M,1.0,0,9,3,0,0,1,0,6,3,3,False,0,,False,True
vanessa141,F,1.0,3,0,1,0,0,1,0,2,1,1,False,0,,False,True
nora1181,F,1.0,28,0,0,1,1,0,0,24,10,14,False,0,,True,False
paula1262,F,1.0,3,0,2,0,0,1,0,2,1,1,False,0,,False,True
theodor578,M,1.0,0,47,2,1,1,3,1,34,16,18,False,0,,False,False
maria164,F,1.0,15,0,3,1,1,1,0,10,5,5,False,0,,False,False
maximilian296,M,1.0,0,57,1,1,1,0,3,41,20,21,False,0,,True,False
michael1025,M,1.0,0,51,1,1,1,0,4,37,18,19,False,0,,True,False
thomas464,M,1.0,0,3,2,0,0,1,0,2,1,1,False,0,,False,True
emil1222,M,1.0,0,9,2,0,0,2,0,6,3,3,False,0,,False,True
florian954,M,1.0,0,27,1,1,1,2,0,20,10,10,False,0,,False,False
lara1143,F,1.0,21,0,3,1,1,0,1,12,7,5,False,0,,True,False
alina1263,F,1.0,37,0,1,1,1,0,0,28,13,15,False,0,,True,False
alexander137,M,1.0,0,48,2,1,1,1,2,30,16,14,False,0,,False,False
rene1082,M,1.0,0,39,2,1,1,5,2,27,13,14,False,0,,False,False
victoria120,F,1.0,12,0,2,0,0,2,0,8,4,4,False,0,,False,True
oliver3,M,1.0,0,6,1,0,0,2,0,5,2,3,False,0,,False,True
fabian83,M,1.0,0,21,3,0,0,3,0,14,7,7,False,0,,False,True
leonie375,F,1.0,36,0,5,0,0,3,0,25,12,13,False,0,,False,True
lara402,F,1.0,33,0,4,0,0,2,0,23,11,12,False,0,,False,True
emil380,M,1.0,0,9,4,0,0,1,0,6,3,3,False,0,,False,True
theodor105,M,1.0,0,56,2,1,1,2,2,37,19,18,False,0,,False,False
clara377,F,1.0,42,0,4,1,1,1,3,25,14,11,False,0,,False,False
samuel1216,M,1.0,0,50,2,1,1,0,4,37,18,19,False,0,,True,False
oliver1045,M,1.0,0,62,1,1,1,0,4,45,22,23,False,0,,True,False
thomas966,M,1.0,0,22,1,1,1,0,1,18,8,10,False,0,,True,False
jakob403,M,1.0,0,33,4,0,0,2,0,23,11,12,False,0,,False,True
konstantin493,M,1.0,0,27,4,0,0,0,1,11,9,2,False,0,,True,True
philipp160,M,1.0,0,42,3,1,1,1,3,28,14,14,False,0,,False,False
michael477,M,1.0,0,51,2,1,1,2,4,34,17,17,False,0,,False,False
moritz1061,M,1.0,0,24,4,0,0,1,0,16,8,8,False,0,,False,True
adam359,M,1.0,0,35,0,0,0,0,2,23,12,11,False,0,,True,True
theodor552,M,1.0,0,44,1,0,0,1,1,30,16,14,False,0,,False,True
hannah571,F,1.0,12,0,3,0,0,1,0,8,4,4,False,0,,False,True
adrian155,M,1.0,0,49,1,0,0,0,1,34,18,16,False,0,,True,True
victoria567,F,1.0,24,0,5,0,0,2,0,17,8,9,False,0,,False,True
valerie843,F,1.0,33,0,3,1,1,3,2,20,11,9,False,0,,False,False
moritz545,M,1.0,0,3,1,0,0,1,0,2,1,1,False,0,,False,True
gabriel1004,M,1.0,0,30,2,0,0,5,0,20,10,10,False,0,,False,True
sophie309,F,1.0,45,0,3,1,1,0,1,23,15,8,False,0,,True,False
raphael740,M,1.0,0,44,1,1,1,0,2,31,15,16,False,0,,True,False
florian1137,M,1.0,0,21,3,0,0,2,0,14,7,7,False,0,,False,True
michael995,M,1.0,0,18,3,0,0,1,0,12,6,6,False,0,,False,True
jan1243,M,1.0,0,24,4,0,0,1,0,16,8,8,False,0,,False,True
mia752,F,1.0,54,0,2,1,1,1,2,35,18,17,False,0,,False,False
jan874,M,1.0,0,15,2,1,1,2,2,11,5,6,False,0,,False,False
anastasia643,F,1.0,44,0,1,0,0,0,2,32,17,15,False,0,,True,True
emil837,M,1.0,0,15,5,0,0,1,0,10,5,5,False,0,,False,True
thomas544,M,1.0,0,24,4,1,1,0,1,13,8,5,False,0,,True,False
florian1037,M,1.0,0,57,2,1,1,0,3,37,19,18,False,0,,True,False
jakob760,M,1.0,0,42,1,1,1,0,0,31,15,16,False,0,,True,False
philipp1285,M,1.0,0,54,2,1,1,0,3,29,18,11,False,0,,True,False
michael340,M,1.0,0,9,2,0,0,1,0,6,3,3,False,0,,False,True
sebastian827,M,1.0,0,21,5,0,0,2,0,14,7,7,False,0,,False,True
angelina300,F,1.0,60,0,2,1,1,0,4,38,20,18,False,0,,True,False
lisa5,F,1.0,52,0,0,1,1,0,2,41,19,22,False,0,,True,False
laura337,F,1.0,51,0,0,1,1,0,1,36,18,18,False,0,,True,False
anastasia355,F,1.0,12,0,5,0,0,1,0,8,4,4,False,0,,False,True
rene112,M,1.0,0,39,1,1,1,1,0,32,14,18,False,0,,False,False
noah697,M,1.0,0,12,2,0,0,2,0,8,4,4,False,0,,False,True
vincent973,M,1.0,0,36,4,0,0,4,0,20,12,8,False,0,,False,True
valentin1282,M,1.0,0,6,1,0,0,2,0,4,2,2,False,0,,False,True
luca1162,M,1.0,0,27,3,1,1,2,1,19,9,10,False,0,,False,False
johanna919,F,1.0,9,0,2,0,0,1,0,5,3,2,False,0,,False,True
valentin737,M,1.0,0,54,2,1,1,3,2,36,18,18,False,0,,False,False
elias6,M,1.0,0,52,0,1,1,0,2,41,19,22,False,0,,True,False
lukas772,M,1.0,0,42,1,1,1,1,1,35,17,18,False,0,,False,False
gertrude751,F,1.0,18,0,4,1,1,0,1,10,6,4,False,0,,True,False
larissa408,F,1.0,54,0,1,1,1,0,1,41,19,22,False,0,,True,False
valentina74,F,1.0,3,0,1,0,0,1,0,2,1,1,False,0,,False,True
felix1255,M,1.0,0,37,1,1,1,0,0,28,13,15,False,0,,True,False
moritz663,M,1.0,0,27,4,1,1,3,0,19,9,10,False,0,,False,False
tobias806,M,1.0,0,53,3,1,1,1,1,36,18,18,False,0,,False,False
julia1032,F,1.0,55,0,1,1,1,0,3,41,20,21,False,0,,True,False
theodor1102,M,1.0,0,9,2,0,0,1,0,6,3,3,False,0,,False,True
victoria142,F,1.0,46,0,0,1,1,0,0,36,17,19,False,0,,True,False
emma550,F,1.0,18,0,5,0,0,1,0,12,6,6,False,0,,False,True
matthias398,M,1.0,0,49,1,1,1,1,2,37,17,20,False,0,,False,False
lorenz876,M,1.0,0,39,2,1,1,2,3,26,13,13,False,0,,False,False
elias478,M,1.0,0,51,2,1,1,0,4,32,17,15,False,0,,True,False
clara931,F,1.0,9,0,2,0,0,2,0,6,3,3,False,0,,False,True
adam426,M,1.0,0,15,5,0,0,1,0,11,5,6,False,0,,False,True
lara321,F,1.0,51,0,1,1,1,1,4,34,17,17,False,0,,False,False
hannah467,F,1.0,30,0,0,1,1,0,0,27,12,15,False,0,,True,False
valentina25,F,1.0,3,0,1,0,0,1,0,2,1,1,False,0,,False,True
amelie1141,F,1.0,15,0,2,1,1,2,0,9,5,4,False,0,,False,False
maximilian1157,M,1.0,0,15,4,0,0,1,0,10,5,5,False,0,,False,True
selina1184,F,1.0,51,0,2,1,1,2,4,30,17,13,False,0,,False,False
jan168,M,1.0,0,42,3,0,0,0,3,26,14,12,False,0,,True,True
david1306,M,1.0,0,46,2,1,1,0,2,34,16,18,False,0,,True,False
paul676,M,1.0,0,41,1,1,1,1,2,31,14,17,False,0,,False,False
simon95,M,1.0,0,18,4,0,0,1,0,12,6,6,False,0,,False,True
katharina119,F,1.0,33,0,4,0,0,0,1,16,11,5,False,0,,True,True
elena1012,F,1.0,49,0,1,1,1,0,2,37,18,19,False,0,,True,False
elias1010,M,1.0,0,42,0,1,1,0,1,34,16,18,False,0,,True,False
emma235,F,1.0,27,0,4,0,0,1,0,18,9,9,False,0,,False,True
gertrude1080,F,1.0,27,0,3,0,0,1,0,18,9,9,False,0,,False,True
marlene1132,F,1.0,9,0,2,0,0,1,0,5,3,2,False,0,,False,True
laura1201,F,1.0,33,0,4,0,0,1,0,21,11,10,False,0,,False,True
leon16,M,1.0,0,50,1,1,1,1,0,38,19,19,False,0,,False,False
hannah1068,F,1.0,27,0,5,0,0,2,0,16,9,7,False,0,,False,True
sebastian240,M,1.0,0,39,3,1,1,1,1,26,13,13,False,0,,False,False
charlotte891,F,1.0,6,0,2,0,0,1,0,3,2,1,False,0,,False,True
jakob1237,M,1.0,0,27,5,0,0,3,0,15,9,6,False,0,,False,True
valentin1024,M,1.0,0,6,2,0,0,1,0,4,2,2,False,0,,False,True
tobias57,M,1.0,0,57,2,1,1,0,2,41,20,21,False,0,,True,False
patrick188,M,1.0,0,52,3,1,1,1,2,37,18,19,False,0,,False,False
sophie601,F,1.0,3,0,1,0,0,1,0,2,1,1,False,0,,False,True
valentina115,F,1.0,45,0,3,0,0,1,3,25,15,10,False,0,,False,True
lena854,F,1.0,50,0,2,1,1,1,2,33,17,16,False,0,,False,False
konstantin1049,M,1.0,0,42,4,0,0,1,0,28,14,14,False,0,,False,True
gertrude569,F,1.0,51,0,1,1,1,0,2,36,18,18,False,0,,True,False
marko458,M,1.0,0,50,1,0,0,0,1,34,18,16,False,0,,True,True
lorenz1092,M,1.0,0,54,0,1,1,0,1,41,19,22,False,0,,True,False
tobias37,M,1.0,0,24,4,1,1,1,0,16,8,8,False,0,,False,False
sarah776,F,1.0,46,0,2,1,1,0,4,33,16,17,False,0,,True,False
jan1107,M,1.0,0,30,1,1,1,5,0,18,10,8,False,0,,False,False
johanna756,F,1.0,18,0,5,0,0,2,0,10,6,4,False,0,,False,True
lara1174,F,1.0,21,0,3,1,1,0,1,12,7,5,False,0,,True,False
alexander1066,M,1.0,0,18,5,0,0,1,0,12,6,6,False,0,,False,True
patrick686,M,1.0,0,39,3,1,1,4,1,27,13,14,False,0,,False,False
michael192,M,1.0,0,30,5,0,0,2,0,21,10,11,False,0,,False,True
paul1123,M,1.0,0,15,4,0,0,1,0,10,5,5,False,0,,False,True
sofia654,F,1.0,9,0,3,0,0,1,0,6,3,3,False,0,,False,True
vincent107,M,1.0,0,57,3,1,1,3,3,38,19,19,False,0,,False,False
olivia244,F,1.0,15,0,4,0,0,2,0,10,5,5,False,0,,False,True
konstantin163,M,1.0,0,45,3,1,1,1,3,31,15,16,False,0,,False,False
leonie728,F,1.0,27,0,5,0,0,1,0,17,9,8,False,0,,False,True
anastasia1003,F,1.0,51,0,2,1,1,5,1,30,17,13,False,0,,False,False
florian376,M,1.0,0,36,5,0,0,3,0,25,12,13,False,0,,False,True
patrick1290,M,1.0,0,39,4,0,0,3,0,23,13,10,False,0,,False,True
emily784,F,1.0,3,0,1,0,0,1,0,2,1,1,False,0,,False,True
julia1213,F,1.0,54,0,3,1,1,4,1,32,18,14,False,0,,False,False
rene370,M,1.0,0,9,3,1,1,1,0,7,3,4,False,0,,False,False
sofia1090,F,1.0,39,0,2,1,1,1,2,23,13,10,False,0,,False,False
moritz1298,M,1.0,0,46,2,1,1,1,2,34,16,18,False,0,,False,False
beate962,F,1.0,22,0,1,1,1,0,1,18,8,10,False,0,,True,False
natalie290,F,1.0,45,0,3,1,1,4,0,31,15,16,False,0,,False,False
david1072,M,1.0,0,38,1,1,1,0,1,29,13,16,False,0,,True,False
natalie1096,F,1.0,3,0,1,0,0,1,0,1,1,0,False,0,,False,True
victoria515,F,1.0,24,0,4,1,1,1,2,15,8,7,False,0,,False,False
oliver668,M,1.0,0,18,3,0,0,1,0,12,6,6,False,0,,False,True
rene448,M,1.0,0,33,4,0,0,1,0,22,11,11,False,0,,False,True
valentina1272,F,1.0,51,0,3,1,1,4,1,31,17,14,False,0,,False,False
ella623,F,1.0,53,0,1,0,0,0,2,37,19,18,False,0,,True,True
marcel700,M,1.0,0,3,2,0,0,1,0,1,1,0,False,0,,False,True
selina588,F,1.0,38,0,1,1,1,0,3,28,13,15,False,0,,True,False
tobias1155,M,1.0,0,39,1,1,1,0,1,27,13,14,False,0,,True,False
gabriel551,M,1.0,0,18,5,0,0,1,0,12,6,6,False,0,,False,True
felix1100,M,1.0,0,54,0,1,1,0,1,41,19,22,False,0,,True,False
laura1075,F,1.0,54,0,2,1,1,0,3,37,18,19,False,0,,True,False
olivia528,F,1.0,12,0,2,1,1,1,0,9,4,5,False,0,,False,False
vanessa394,F,1.0,54,0,2,0,0,2,3,35,18,17,False,0,,False,True
natalie673,F,1.0,18,0,5,0,0,1,0,11,6,5,False,0,,False,True
philipp503,M,1.0,0,35,2,1,1,1,0,26,12,14,False,0,,False,False
paula926,F,1.0,33,0,5,0,0,2,0,20,11,9,False,0,,False,True
maria653,F,1.0,44,0,1,1,1,0,2,34,17,17,False,0,,True,False
luisa933,F,1.0,38,0,1,1,1,0,1,28,13,15,False,0,,True,False
luca33,M,1.0,0,27,4,0,0,1,1,16,9,7,False,0,,False,True
claudia814,F,1.0,42,0,1,1,1,3,2,27,14,13,False,0,,False,False
benjamin1115,M,1.0,0,30,3,1,1,1,0,20,10,10,False,0,,False,False
anna992,F,1.0,3,0,3,0,0,1,0,2,1,1,False,0,,False,True
emilia415,F,1.0,49,0,1,0,0,0,2,35,17,18,False,0,,True,True
david832,M,1.0,0,33,0,1,1,0,2,25,11,14,False,0,,True,False
daniel695,M,1.0,0,33,4,0,0,2,0,22,11,11,False,0,,False,True
elias159,M,1.0,0,33,4,1,1,3,0,23,11,12,False,0,,False,False
marlene630,F,1.0,42,0,3,0,0,2,0,29,14,15,False,0,,False,True
lena342,F,1.0,30,0,4,0,0,1,1,18,10,8,False,0,,False,True
marcel845,M,1.0,0,33,3,1,1,3,1,23,11,12,False,0,,False,False
oliver265,M,1.0,0,33,3,1,1,2,2,23,11,12,False,0,,False,False
julian732,M,1.0,0,49,2,1,1,0,1,34,17,17,False,0,,True,False
oliver165,M,1.0,0,47,2,1,1,1,0,32,16,16,False,0,,False,False
leon98,M,1.0,0,3,1,0,0,1,0,2,1,1,False,0,,False,True
fabian833,M,1.0,0,42,1,1,1,0,2,30,14,16,False,0,,True,False
laura399,F,1.0,49,0,1,1,1,1,2,37,17,20,False,0,,False,False
leon462,M,1.0,0,3,1,0,0,1,0,2,1,1,False,0,,False,True
lisa1035,F,1.0,62,0,1,1,1,0,4,45,22,23,False,0,,True,False
jonas204,M,1.0,0,9,4,0,0,2,0,6,3,3,False,0,,False,True
elena257,F,1.0,30,0,0,1,1,0,2,20,10,10,False,0,,True,False
christian960,M,1.0,0,18,5,0,0,2,0,12,6,6,False,0,,False,True
sophie1294,F,1.0,18,0,3,0,0,2,0,12,6,6,False,0,,False,True
victoria598,F,1.0,33,0,3,1,1,0,0,24,12,12,False,0,,True,False
julia348,F,1.0,18,0,5,0,0,1,0,13,6,7,False,0,,False,True
sophie546,F,1.0,29,0,0,1,1,0,0,22,10,12,False,0,,True,False
emilia633,F,1.0,45,0,2,1,1,3,2,30,15,15,False,0,,False,False
luis799,M,1.0,0,3,1,0,0,1,0,1,1,0,False,0,,False,True
emilia428,F,1.0,48,0,2,1,1,1,1,36,16,20,False,0,,False,False
stefan1027,M,1.0,0,48,3,1,1,4,0,33,16,17,False,0,,False,False
beate1048,F,1.0,42,0,4,0,0,1,0,27,14,13,False,0,,False,True
paul1170,M,1.0,0,21,4,0,0,2,0,14,7,7,False,0,,False,True
sarah437,F,1.0,3,0,1,0,0,1,0,2,1,1,False,0,,False,True
lara836,F,1.0,15,0,5,0,0,1,0,9,5,4,False,0,,False,True
lisa400,F,1.0,33,0,4,0,0,2,0,22,11,11,False,0,,False,True
luis629,M,1.0,0,53,1,1,1,0,2,39,19,20,False,0,,True,False
anna234,F,1.0,57,0,1,1,1,0,2,41,20,21,False,0,,True,False
konstantin968,M,1.0,0,6,4,0,0,2,0,4,2,2,False,0,,False,True
matthias1240,M,1.0,0,33,4,1,1,1,2,18,11,7,False,0,,False,False
thomas409,M,1.0,0,3,1,0,0,1,0,2,1,1,False,0,,False,True
nina305,F,1.0,39,0,4,0,0,1,0,27,13,14,False,0,,False,True
marie43,F,1.0,42,0,1,1,1,0,3,28,14,14,False,0,,True,False
laura253,F,1.0,12,0,6,0,0,1,0,8,4,4,False,0,,False,True
luca898,M,1.0,0,30,4,0,0,2,0,20,10,10,False,0,,False,True
lena1112,F,1.0,30,0,2,1,1,3,1,18,10,8,False,0,,False,False
anna681,F,1.0,38,0,2,1,1,0,0,27,13,14,False,0,,True,False
gabriel1248,M,1.0,0,47,2,1,1,1,3,33,16,17,False,0,,False,False
emilia184,F,1.0,36,0,1,0,0,2,3,24,12,12,False,0,,False,True
lea1291,F,1.0,45,0,4,1,1,3,1,31,15,16,False,0,,False,False
larissa124,F,1.0,45,0,3,1,1,0,3,27,15,12,False,0,,True,False
konstantin556,M,1.0,0,51,3,1,1,4,0,35,17,18,False,0,,False,False
oskar431,M,1.0,0,21,6,0,0,1,0,15,7,8,False,0,,False,True
ella92,F,1.0,3,0,2,0,0,1,0,2,1,1,False,0,,False,True
benjamin710,M,1.0,0,49,2,1,1,2,1,33,17,16,False,0,,False,False
florian82,M,1.0,0,42,3,0,0,2,1,24,14,10,False,0,,False,True
natalie1105,F,1.0,33,0,2,1,1,1,0,22,11,11,False,0,,False,False
vincent597,M,1.0,0,9,4,1,1,1,0,6,3,3,False,0,,False,False
lisa575,F,1.0,3,0,1,0,0,1,0,2,1,1,False,0,,False,True
sebastian802,M,1.0,0,27,6,0,0,1,0,18,9,9,False,0,,False,True
leo262,M,1.0,0,26,2,1,1,0,0,18,9,9,False,0,,True,False
lorenz1118,M,1.0,0,30,3,0,0,2,0,20,10,10,False,0,,False,True
tobias1223,M,1.0,0,44,1,1,1,1,1,35,17,18,False,0,,False,False
marie972,F,1.0,18,0,0,1,1,0,1,13,6,7,False,0,,True,False
rene205,M,1.0,0,36,3,1,1,1,1,26,13,13,False,0,,False,False
ella577,F,1.0,30,0,4,1,1,0,2,15,10,5,False,0,,True,False
luisa915,F,1.0,3,0,1,0,0,1,0,2,1,1,False,0,,False,True
lara929,F,1.0,24,0,4,0,0,1,0,15,8,7,False,0,,False,True
emma1110,F,1.0,30,0,3,1,1,1,2,20,10,10,False,0,,False,False
victoria53,F,1.0,30,0,4,1,1,1,0,21,10,11,False,0,,False,False
patrick1252,M,1.0,0,27,4,0,0,2,0,18,9,9,False,0,,False,True
isabella1065,F,1.0,18,0,5,0,0,1,0,11,6,5,False,0,,False,True
oliver935,M,1.0,0,51,2,1,1,0,3,37,18,19,False,0,,True,False
thomas1268,M,1.0,0,12,1,0,0,4,0,8,4,4,False,0,,False,True
dominik882,M,1.0,0,39,1,1,1,0,1,29,14,15,False,0,,True,False
gabriel273,M,1.0,0,39,1,1,1,0,0,30,14,16,False,0,,True,False
claudia887,F,1.0,32,0,0,1,1,0,2,28,12,16,False,0,,True,False
johanna116,F,1.0,45,0,3,1,1,0,3,27,15,12,False,0,,True,False
rene1230,M,1.0,0,20,0,1,1,0,0,18,7,11,False,0,,True,False
tobias281,M,1.0,0,15,3,1,1,1,0,10,5,5,False,0,,False,False
amelie733,F,1.0,12,0,4,0,0,1,0,7,4,3,False,0,,False,True
sebastian923,M,1.0,0,47,3,1,1,4,1,33,16,17,False,0,,False,False
adam1073,M,1.0,0,6,2,1,1,1,0,5,2,3,False,0,,False,False
vanessa1179,F,1.0,34,0,1,1,1,0,0,26,12,14,False,0,,True,False
dominik985,M,1.0,0,6,3,0,0,1,0,3,2,1,False,0,,False,True
oskar771,M,1.0,0,42,1,1,1,0,1,36,17,19,False,0,,True,False
johanna1119,F,1.0,51,0,0,1,1,0,4,36,17,19,False,0,,True,False
moritz259,M,1.0,0,15,3,0,0,1,0,10,5,5,False,0,,False,True
benjamin247,M,1.0,0,38,1,1,1,2,0,28,13,15,False,0,,False,False
oliver1164,M,1.0,0,12,1,1,1,1,2,9,4,5,False,0,,False,False
florian896,M,1.0,0,42,3,1,1,2,1,29,14,15,False,0,,False,False
oliver761,M,1.0,0,45,3,1,1,5,1,24,15,9,False,0,,False,False
anastasia897,F,1.0,30,0,4,0,0,2,0,18,10,8,False,0,,False,True
adrian1314,M,1.0,0,3,1,0,0,1,0,2,1,1,False,0,,False,True
elias190,M,1.0,0,45,4,1,1,2,2,30,15,15,False,0,,False,False
leo368,M,1.0,0,49,2,0,0,0,1,35,17,18,False,0,,True,True
helga1185,F,1.0,42,0,3,1,1,5,0,24,14,10,False,0,,False,False
lisa222,F,1.0,36,0,3,1,1,1,1,19,12,7,False,0,,False,False
sebastian1209,M,1.0,0,3,2,0,0,1,0,1,1,0,False,0,,False,True
marko88,M,1.0,0,6,2,0,0,1,0,5,2,3,False,0,,False,True
natalie877,F,1.0,15,0,3,0,0,3,0,10,5,5,False,0,,False,True
lina1228,F,1.0,52,0,2,1,1,0,3,38,19,19,False,0,,True,False
lena1265,F,1.0,36,0,2,1,1,3,0,22,12,10,False,0,,False,False
valerie831,F,1.0,39,0,3,1,1,0,1,24,13,11,False,0,,True,False
olivia849,F,1.0,27,0,4,1,1,2,0,17,9,8,False,0,,False,False
florian77,M,1.0,0,15,5,0,0,1,0,10,5,5,False,0,,False,True
paul925,M,1.0,0,27,4,0,0,2,0,18,9,9,False,0,,False,True
lea1264,F,1.0,60,0,1,1,1,4,2,38,20,18,False,0,,False,False
fabian1247,M,1.0,0,47,2,1,1,0,3,34,16,18,False,0,,True,False
paula12,F,1.0,51,0,2,1,1,1,3,31,17,14,False,0,,False,False
luis513,M,1.0,0,18,5,0,0,2,0,13,6,7,False,0,,False,True
valerie1067,F,1.0,54,0,2,1,1,1,3,36,18,18,False,0,,False,False
nina1241,F,1.0,3,0,4,0,0,1,0,2,1,1,False,0,,False,True
patrick904,M,1.0,0,50,1,1,1,0,1,38,18,20,False,0,,True,False
lisa310,F,1.0,39,0,4,0,0,1,0,26,13,13,False,0,,False,True
amelie453,F,1.0,50,0,1,1,1,1,1,36,18,18,False,0,,False,False
valerie1284,F,1.0,44,0,0,1,1,0,3,36,16,20,False,0,,True,False
sebastian1212,M,1.0,0,48,4,1,1,2,0,33,16,17,False,0,,False,False
florian157,M,1.0,0,21,4,0,0,1,0,14,7,7,False,0,,False,True
ella953,F,1.0,9,0,2,0,0,1,0,6,3,3,False,0,,False,True
lara770,F,1.0,9,0,2,0,0,2,0,6,3,3,False,0,,False,True
katharina584,F,1.0,21,0,5,0,0,1,0,15,7,8,False,0,,False,True
marcel490,M,1.0,0,21,5,0,0,1,0,15,7,8,False,0,,False,True
sebastian1069,M,1.0,0,27,5,0,0,2,0,18,9,9,False,0,,False,True
marko416,M,1.0,0,57,2,1,1,0,3,36,19,17,False,0,,True,False
thomas1214,M,1.0,0,51,3,1,1,5,1,27,17,10,False,0,,False,False
felix986,M,1.0,0,35,2,1,1,1,0,26,13,13,False,0,,False,False
marko317,M,1.0,0,33,2,1,1,4,0,23,11,12,False,0,,False,False
tobias174,M,1.0,0,18,6,0,0,1,0,13,6,7,False,0,,False,True
clara615,F,1.0,24,0,3,0,0,1,0,16,8,8,False,0,,False,True
oliver224,M,1.0,0,34,0,1,1,0,0,26,12,14,False,0,,True,False
emma177,F,1.0,3,0,3,0,0,1,0,2,1,1,False,0,,False,True
paul739,M,1.0,0,44,1,1,1,2,2,29,15,14,False,0,,False,False
magdalena491,F,1.0,52,0,1,1,1,0,1,36,18,18,False,0,,True,False
sarah514,F,1.0,32,0,0,1,1,0,2,24,11,13,False,0,,True,False
paula591,F,1.0,35,0,1,1,1,0,0,28,13,15,False,0,,True,False
simon374,M,1.0,0,53,3,1,1,1,4,36,18,18,False,0,,False,False
luisa826,F,1.0,21,0,5,0,0,2,0,12,7,5,False,0,,False,True
olivia327,F,1.0,21,0,4,0,0,1,0,14,7,7,False,0,,False,True
luca197,M,1.0,0,12,1,1,1,2,0,8,4,4,False,0,,False,False
emma1180,F,1.0,3,0,1,0,0,1,0,2,1,1,False,0,,False,True
fabian921,M,1.0,0,51,2,1,1,2,3,36,18,18,False,0,,False,False
valentin292,M,1.0,0,60,2,1,1,0,4,38,20,18,False,0,,True,False
emil110,M,1.0,0,30,4,0,0,3,0,21,10,11,False,0,,False,True
helena755,F,1.0,54,0,2,1,1,0,2,36,18,18,False,0,,True,False
marcel27,M,1.0,0,42,3,1,1,1,0,28,14,14,False,0,,False,False
simon278,M,1.0,0,15,2,1,1,1,0,11,5,6,False,0,,False,False
leon1109,M,1.0,0,51,0,1,1,0,4,36,17,19,False,0,,True,False
stefan1219,M,1.0,0,50,2,1,1,0,4,37,18,19,False,0,,True,False
oliver1001,M,1.0,0,45,3,0,0,2,0,30,15,15,False,0,,False,True
samuel1152,M,1.0,0,29,1,1,1,0,1,22,10,12,False,0,,True,False
elena1041,F,1.0,42,0,4,0,0,1,0,27,14,13,False,0,,False,True
adam719,M,1.0,0,9,3,0,0,2,0,4,3,1,False,0,,False,True
johanna206,F,1.0,49,0,3,1,1,0,2,30,17,13,False,0,,True,False
marlene40,F,1.0,42,0,1,0,0,1,3,26,14,12,False,0,,False,True
oliver734,M,1.0,0,12,4,0,0,1,0,8,4,4,False,0,,False,True
clara1239,F,1.0,42,0,4,1,1,1,2,28,14,14,False,0,,False,False
marcel1058,M,1.0,0,33,3,1,1,4,0,23,11,12,False,0,,False,False
patrick283,M,1.0,0,12,4,0,0,1,0,8,4,4,False,0,,False,True
emily1018,F,1.0,33,0,4,0,0,1,0,21,11,10,False,0,,False,True
marcel1042,M,1.0,0,42,4,0,0,1,0,28,14,14,False,0,,False,True
angelina978,F,1.0,45,0,2,1,1,2,1,31,16,15,False,0,,False,False
alexander820,M,1.0,0,30,4,1,1,2,1,21,10,11,False,0,,False,False
nico888,M,1.0,0,6,1,1,1,1,0,4,2,2,False,0,,False,False
leon343,M,1.0,0,40,3,1,1,1,0,29,14,15,False,0,,False,False
lea352,F,1.0,24,0,4,1,1,2,1,14,8,6,False,0,,False,False
luis989,M,1.0,0,45,2,1,1,0,1,30,16,14,False,0,,True,False
paula881,F,1.0,39,0,1,1,1,3,1,26,14,12,False,0,,False,False
luis1014,M,1.0,0,6,1,0,0,2,0,2,2,0,False,0,,False,True
marlene405,F,1.0,54,0,2,1,1,1,3,35,18,17,False,0,,False,False
lukas223,M,1.0,0,3,1,0,0,1,0,2,1,1,False,0,,False,True
paula614,F,1.0,54,0,1,0,0,0,3,37,19,18,False,0,,True,True
adam125,M,1.0,0,56,2,1,1,0,2,35,19,16,False,0,,True,False
hannah965,F,1.0,27,0,4,1,1,2,2,15,9,6,False,0,,False,False
anna457,F,1.0,50,0,1,1,1,0,1,36,18,18,False,0,,True,False
dominik634,M,1.0,0,12,2,0,0,3,0,9,4,5,False,0,,False,True
lina1161,F,1.0,21,0,3,0,0,2,0,12,7,5,False,0,,False,True
emilia1089,F,1.0,46,0,1,1,1,2,4,31,16,15,False,0,,False,False
helena691,F,1.0,24,0,2,1,1,1,3,17,8,9,False,0,,False,False
hannah385,F,1.0,42,0,4,1,1,0,3,25,14,11,False,0,,True,False
magdalena994,F,1.0,18,0,3,0,0,1,0,11,6,5,False,0,,False,True
lorenz424,M,1.0,0,30,5,0,0,3,1,19,10,9,False,0,,False,True
elias878,M,1.0,0,15,3,0,0,3,0,7,5,2,False,0,,False,True
philipp649,M,1.0,0,3,1,0,0,1,0,2,1,1,False,0,,False,True
david616,M,1.0,0,24,3,0,0,1,0,16,8,8,False,0,,False,True
gabriel216,M,1.0,0,21,2,1,1,2,0,15,7,8,False,0,,False,False
charlotte945,F,1.0,3,0,2,0,0,1,0,2,1,1,False,0,,False,True
simon970,M,1.0,0,18,4,1,1,0,1,11,6,5,False,0,,True,False
gabriel1140,M,1.0,0,43,0,1,1,0,1,33,15,18,False,0,,True,False
maria1077,F,1.0,6,0,3,0,0,1,0,3,2,1,False,0,,False,True
lukas757,M,1.0,0,18,5,0,0,2,0,12,6,6,False,0,,False,True
larissa299,F,1.0,60,0,2,0,0,2,4,37,20,17,False,0,,False,True
lina932,F,1.0,38,0,1,1,1,1,1,27,13,14,False,0,,False,False
michael684,M,1.0,0,42,2,1,1,3,3,27,14,13,False,0,,False,False
michael1267,M,1.0,0,60,1,1,1,2,2,40,20,20,False,0,,False,False
julia1009,F,1.0,6,0,1,0,0,2,0,4,2,2,False,0,,False,True
michael645,M,1.0,0,6,2,0,0,2,0,5,2,3,False,0,,False,True
magdalena801,F,1.0,27,0,6,0,0,1,0,17,9,8,False,0,,False,True
sofia901,F,1.0,43,0,1,1,1,0,3,32,15,17,False,0,,True,False
tobias625,M,1.0,0,44,0,0,0,0,1,32,16,16,False,0,,True,True
daniel1187,M,1.0,0,51,2,1,1,2,4,33,17,16,False,0,,False,False
nora237,F,1.0,15,0,4,1,1,1,0,10,5,5,False,0,,False,False
moritz758,M,1.0,0,18,4,1,1,0,1,10,6,4,False,0,,True,False
simon54,M,1.0,0,36,4,0,0,1,2,23,12,11,False,0,,False,True
beate36,F,1.0,24,0,4,1,1,1,0,16,8,8,False,0,,False,False
katharina1,F,1.0,51,0,2,0,0,4,3,31,17,14,False,0,,False,True
helena872,F,1.0,6,0,2,0,0,1,0,4,2,2,False,0,,False,True
marlene512,F,1.0,18,0,5,0,0,2,0,13,6,7,False,0,,False,True
mia227,F,1.0,3,0,2,0,0,1,0,2,1,1,False,0,,False,True
marie169,F,1.0,9,0,4,0,0,1,0,6,3,3,False,0,,False,True
stefan1192,M,1.0,0,37,0,1,1,0,0,33,14,19,False,0,,True,False
konstantin347,M,1.0,0,48,1,1,1,1,1,32,16,16,False,0,,False,False
johanna709,F,1.0,42,0,3,1,1,2,3,28,14,14,False,0,,False,False
ella313,F,1.0,3,0,1,0,0,1,0,2,1,1,False,0,,False,True
nina611,F,1.0,48,0,2,1,1,3,2,33,16,17,False,0,,False,False
vincent1196,M,1.0,0,6,1,0,0,2,0,4,2,2,False,0,,False,True
lara560,F,1.0,51,0,2,1,1,1,4,35,17,18,False,0,,False,False
laura1117,F,1.0,30,0,3,0,0,2,0,18,10,8,False,0,,False,True
alina156,F,1.0,21,0,4,0,0,1,0,14,7,7,False,0,,False,True
marko1175,M,1.0,0,21,2,1,1,0,2,13,7,6,False,0,,True,False
anastasia769,F,1.0,46,0,2,1,1,2,4,33,16,17,False,0,,False,False
emma199,F,1.0,9,0,2,0,0,1,0,6,3,3,False,0,,False,True
lisa194,F,1.0,36,0,1,1,1,0,3,26,12,14,False,0,,True,False
leonie1280,F,1.0,60,0,1,1,1,2,2,40,20,20,False,0,,False,False
charlotte624,F,1.0,39,0,3,1,1,0,1,19,13,6,False,0,,True,False
lukas93,M,1.0,0,41,1,1,1,0,0,33,16,17,False,0,,True,False
marko1273,M,1.0,0,45,3,0,0,4,0,30,15,15,False,0,,False,True
sarah1095,F,1.0,39,0,2,1,1,1,2,23,13,10,False,0,,False,False
laura1173,F,1.0,12,0,1,1,1,0,2,9,4,5,False,0,,True,False
raphael29,M,1.0,0,54,2,1,1,3,0,38,18,20,False,0,,False,False
marie1144,F,1.0,15,0,3,0,0,1,0,9,5,4,False,0,,False,True
julian1177,M,1.0,0,30,2,1,1,1,1,18,10,8,False,0,,False,False
natalie1249,F,1.0,18,0,6,0,0,1,0,11,6,5,False,0,,False,True
noah1232,M,1.0,0,41,1,1,1,0,0,34,16,18,False,0,,True,False
dominik354,M,1.0,0,21,4,1,1,1,0,14,7,7,False,0,,False,False
jakob1293,M,1.0,0,51,3,1,1,2,2,31,17,14,False,0,,False,False
sebastian320,M,1.0,0,33,3,0,0,1,0,22,11,11,False,0,,False,True
jakob78,M,1.0,0,42,2,1,1,0,2,32,15,17,False,0,,True,False
valerie260,F,1.0,30,0,0,1,1,0,2,20,10,10,False,0,,True,False
philipp104,M,1.0,0,51,2,1,1,0,2,35,18,17,False,0,,True,False
sarah592,F,1.0,44,0,3,0,0,0,2,23,15,8,False,0,,True,True
maximilian1040,M,1.0,0,36,0,1,1,0,0,32,14,18,False,0,,True,False
oskar1093,M,1.0,0,3,2,0,0,1,0,2,1,1,False,0,,False,True
paul1279,M,1.0,0,36,3,0,0,1,0,24,12,12,False,0,,False,True
emil809,M,1.0,0,51,4,1,1,0,4,31,17,14,False,0,,True,False
leonie1146,F,1.0,21,0,3,1,1,2,0,13,7,6,False,0,,False,False
rene367,M,1.0,0,21,3,0,0,1,0,14,7,7,False,0,,False,True
nora1056,F,1.0,42,0,3,1,1,4,2,25,14,11,False,0,,False,False
matthias759,M,1.0,0,3,2,0,0,1,0,2,1,1,False,0,,False,True
tobias941,M,1.0,0,51,2,1,1,1,3,36,18,18,False,0,,False,False
karin549,F,1.0,51,0,2,1,1,0,2,34,17,17,False,0,,True,False
selina829,F,1.0,12,0,2,0,0,1,0,7,4,3,False,0,,False,True
jonas999,M,1.0,0,35,2,1,1,0,0,27,13,14,False,0,,True,False
luisa852,F,1.0,26,0,0,1,1,0,0,21,9,12,False,0,,True,False
thomas1005,M,1.0,0,51,1,1,1,0,4,37,18,19,False,0,,True,False
lena1038,F,1.0,55,0,1,1,1,0,3,41,20,21,False,0,,True,False
christian666,M,1.0,0,18,5,0,0,1,0,11,6,5,False,0,,False,True
olivia230,F,1.0,15,0,4,0,0,1,0,10,5,5,False,0,,False,True
alina482,F,1.0,12,0,2,0,0,2,0,8,4,4,False,0,,False,True
oliver1133,M,1.0,0,30,2,1,1,1,1,21,10,11,False,0,,False,False
noah745,M,1.0,0,44,1,1,1,1,2,30,15,15,False,0,,False,False
emily1149,F,1.0,15,0,4,0,0,1,0,9,5,4,False,0,,False,True
clara1182,F,1.0,6,0,3,0,0,1,0,3,2,1,False,0,,False,True
michael818,M,1.0,0,36,3,1,1,3,0,25,12,13,False,0,,False,False
alexander573,M,1.0,0,30,4,1,1,0,2,15,10,5,False,0,,True,False
hannah366,F,1.0,21,0,3,0,0,1,0,14,7,7,False,0,,False,True
